Date,Description,Amount,Category,Account Name
2024/06/03,SCHEDULED PYMT FROM   SU SCHOOL FEES,3196.0,School Fees,FNB Savings Account
2024/06/01,BYC DEBIT             62638837023,-20.02,Savings,FNB Savings Account
2024/06/01,DISCBANK  00000017275813806,-13500.0,Unknown,FNB Savings Account
2024/05/31,299.99 APPLE.COM/BI 410588*6433  29 MAY,-299.99,Services,FNB Savings Account
2024/05/30,FUSION INTEREST REBATE,5.39,Unknown,FNB Savings Account
2024/05/30,#MONTHLY ACCOUNT FEE,-230.0,Bank Fees,FNB Savings Account
2024/05/30,#MONTHLY CREDIT FEE,-69.0,Bank Fees,FNB Savings Account
2024/05/30,INT ON DEBIT BALANCE,-5.35,Unknown,FNB Savings Account
2024/05/30,AB BRAUDE,10000.0,Unknown,FNB Savings Account
2024/05/28,#INT PYMT FEE-109.99 APPL,-2.2,Bank Fees,FNB Savings Account
2024/05/28,109.99 APPLE.COM/BI 410588*6433  27 MAY,-109.99,Services,FNB Savings Account
2024/05/27,FNB OB PMT            CDP PAYROLL,13542.88,Unknown,FNB Savings Account
2024/05/25,BYC DEBIT             62638837023,-31.81,Savings,FNB Savings Account
2024/05/23,BP MELROSE          410588*6433  21 MAY,-300.0,Fuel,FNB Savings Account
2024/05/21,ENGEN BBQ DOWNS     410588*6433  19 MAY,-991.04,Fuel,FNB Savings Account
2024/05/21,COUCH,-10000.0,Unknown,FNB Savings Account
2024/05/21,SMART-AP PREPAID      AIRTIME 27614673585,-189.0,Unknown,FNB Savings Account
2024/05/20,37.18 ADOBE  *ADOBE 410588*6433  17 MAY,-694.15,Unknown,FNB Savings Account
2024/05/18,BYC DEBIT             62638837023,-10.5,Savings,FNB Savings Account
2024/05/16,MCD Waterfall (0677 410588*6433  14 MAY,-331.5,Eating Out,FNB Savings Account
2024/05/15,FOUNDERS  SD10051398 240515,-8850.0,Unknown,FNB Savings Account
2024/05/11,BYC DEBIT             62638837023,-73.81,Savings,FNB Savings Account
2024/05/11,ENGEN BBQ DOWNS     410588*6433  09 MAY,-488.38,Fuel,FNB Savings Account
2024/05/11,M BRAUDE CONSULTING,20000.0,Income,FNB Savings Account
2024/05/08,MOCHACHOS           410588*6433  05 MAY,-292.5,Eating Out,FNB Savings Account
2024/05/08,SuperSpar Vorna Val 410588*6433  06 MAY,-159.09,Groceries,FNB Savings Account
2024/05/07,#INT PYMT FEE-199.99 APPL,-4.0,Bank Fees,FNB Savings Account
2024/05/07,199.99 APPLE.COM/BI 410588*6433  06 MAY,-199.99,Services,FNB Savings Account
2024/05/07,MCD Waterfall (0677 410588*6433  04 MAY,-391.6,Eating Out,FNB Savings Account
2024/05/07,COJ CITY PARK       410588*6433  04 MAY,-326.5,Unknown,FNB Savings Account
2024/05/07,SuperSpar Vorna Val 410588*6433  05 MAY,-82.13,Groceries,FNB Savings Account
2024/05/04,BYC DEBIT             62638837023,-51.01,Savings,FNB Savings Account
2024/05/04,SIMPLY ASIA SOUTHDO 410588*6433  30 APR,-368.0,Eating Out,FNB Savings Account
2024/05/04,MCD Mall of Africa( 410588*6433  30 APR,-98.9,Eating Out,FNB Savings Account
2024/05/03,TASH,-500.0,Unknown,FNB Savings Account
2024/05/03,CR CARD PAYMENT,-20000.0,Unknown,FNB Savings Account
2024/05/02,DECOR HOUSE BY MARE 410588*6433  28 APR,-472.5,Unknown,FNB Savings Account
2024/05/02,MCD Chilli on Top ( 410588*6433  27 APR,-134.6,Eating Out,FNB Savings Account
2024/04/30,#SERVICE FEES,-5.4,Bank Fees,FNB Savings Account
2024/04/30,#MONTHLY ACCOUNT FEE,-230.0,Bank Fees,FNB Savings Account
2024/04/29,#INT PYMT FEE-109.99 APPL,-2.2,Bank Fees,FNB Savings Account
2024/04/29,109.99 APPLE.COM/BI 410588*6433  27 APR,-109.99,Services,FNB Savings Account
2024/04/26,BYC DEBIT             62638837023,-40.5,Savings,FNB Savings Account
2024/04/26,CASA DAS NATAS SAND 410588*6433  23 APR,-155.0,Eating Out,FNB Savings Account
2024/04/26,AB BRAUDE,10000.0,Unknown,FNB Savings Account
2024/04/25,MCDONALDS CHILLI ON 410588*6433  22 APR,-161.7,Eating Out,FNB Savings Account
2024/04/25,FNB OB PMT            CDP PAYROLL,13542.87,Unknown,FNB Savings Account
2024/04/25,FIRESTREAM,-799.0,Services,FNB Savings Account
2024/04/23,#INT PYMT FEE-379.00 PLAY,-7.58,Bank Fees,FNB Savings Account
2024/04/23,379.00 PLAYSTATIONN 410588*6433  21 APR,-379.0,Unknown,FNB Savings Account
2024/04/23,ENGEN BBQ DOWNS     410588*6433  20 APR,-223.8,Fuel,FNB Savings Account
2024/04/20,BYC DEBIT             62638837023,-30.77,Savings,FNB Savings Account
2024/04/19,31.86 ADOBE  *ADOBE 410588*6433  17 APR,-621.23,Unknown,FNB Savings Account
2024/04/19,TAPTUCK             410588*6433  16 APR,-200.0,Unknown,FNB Savings Account
2024/04/17,POWERBALL WINNINGS VODSLQDPKF1L,38.6,Unknown,FNB Savings Account
2024/04/15,#INT PYMT FEE-130.00 STEA,-2.6,Bank Fees,FNB Savings Account
2024/04/16,POWERBALL PURCHASE    POWERBALL PURCHASE,-15.0,Unknown,FNB Savings Account
2024/04/16,POWERBALL PURCHASE    POWERBALL PURCHASE,-45.0,Unknown,FNB Savings Account
2024/04/15,130.00 STEAMGAMES.C 410588*6433  12 APR,-130.0,Unknown,FNB Savings Account
2024/04/15,FOUNDERS  SD10051398 240415,-8850.0,Unknown,FNB Savings Account
2024/04/13,BYC DEBIT             62638837023,-90.75,Savings,FNB Savings Account
2024/04/12,WOOLWORTHS          410588*6433  10 APR,-364.92,Groceries,FNB Savings Account
2024/04/11,Takealo*t           410588*6433  05 APR,-2658.0,Unknown,FNB Savings Account
2024/04/11,CHATEAU GATEAUX WAT 410588*6433  08 APR,-44.0,Eating Out,FNB Savings Account
2024/04/10,WOOLWORTHS          410588*6433  08 APR,-646.89,Groceries,FNB Savings Account
2024/04/10,MCD Waterfall (0677 410588*6433  08 APR,-218.5,Eating Out,FNB Savings Account
2024/04/10,RONG HING CHINESE F 410588*6433  07 APR,-132.0,Eating Out,FNB Savings Account
2024/04/10,LOGAN BIRTHDAY,-1000.0,Unknown,FNB Savings Account
2024/04/10,FNB APP PAYMENT FROM  SU SCHOOL FEES,1800.0,School Fees,FNB Savings Account
2024/04/09,PnP Fam Midway Mews 410588*6433  07 APR,-109.99,Groceries,FNB Savings Account
2024/04/09,SuperSpar Vorna Val 410588*6433  07 APR,-87.96,Groceries,FNB Savings Account
2024/04/08,#INT PYMT FEE-199.99 APPL,-4.0,Bank Fees,FNB Savings Account
2024/04/08,199.99 APPLE.COM/BI 410588*6433  06 APR,-199.99,Services,FNB Savings Account
2024/04/06,BYC DEBIT             62638837023,-244.82,Savings,FNB Savings Account
2024/04/05,Takealo*t           410588*6433  03 APR,-2527.0,Unknown,FNB Savings Account
2024/04/05,WOOLWORTHS          410588*6433  03 APR,-778.64,Groceries,FNB Savings Account
2024/04/04,BP RIDGE OASIS      410588*6433  01 APR,-1560.24,Fuel,FNB Savings Account
2024/04/04,BP BIRNAM           410588*6433  02 APR,-1307.53,Fuel,FNB Savings Account
2024/04/04,ENGEN Precinct      410588*6433  02 APR,-1067.41,Fuel,FNB Savings Account
2024/04/04,THE ESTUARY HOTEL   410588*6433  30 MAR,-2700.0,Unknown,FNB Savings Account
2024/04/04,Checkers Blubird Me 410588*6433  02 APR,-2116.17,Groceries,FNB Savings Account
2024/04/04,WILD WAVE WATERPARK 410588*6433  31 MAR,-1200.0,Unknown,FNB Savings Account
2024/04/04,SPUR TAKE AWAY      410588*6433  31 MAR,-1100.0,Eating Out,FNB Savings Account
2024/04/04,WILD WAVE WATERPARK 410588*6433  31 MAR,-735.0,Unknown,FNB Savings Account
2024/04/04,WILD WAVE WATERPARK 410588*6433  31 MAR,-630.0,Unknown,FNB Savings Account
2024/04/04,Nandos Waterfall Dr 410588*6433  01 APR,-413.0,Eating Out,FNB Savings Account
2024/04/04,THE ESTUARY HOTEL   410588*6433  30 MAR,-96.0,Unknown,FNB Savings Account
2024/04/04,BP RIDGE OASIS C-ST 410588*6433  01 APR,-55.7,Fuel,FNB Savings Account
2024/04/04,Pnp Exp Birnam Park 410588*6433  02 APR,-30.8,Groceries,FNB Savings Account
2024/04/04,WILD COAST SUN HOTE 410588*6433  31 MAR,-20.0,Unknown,FNB Savings Account
2024/04/04,WILD COAST SUN HOTE 410588*6433  31 MAR,-20.0,Unknown,FNB Savings Account
2024/04/04,M BRAUDE CONSULTING,20000.0,Income,FNB Savings Account
2024/04/04,TASH HAIR,-1300.0,Unknown,FNB Savings Account
2024/04/04,COUNSELLING,-580.0,Unknown,FNB Savings Account
2024/04/04,TOILET HIRE,-1322.5,Unknown,FNB Savings Account
2024/04/03,PLEX BOXEE,-2400.0,Unknown,FNB Savings Account
2024/04/03,FIRESTREAM,-799.0,Services,FNB Savings Account
2024/04/02,ROCKY MOUNTAIN SPUR 410588*6433  28 MAR,-600.0,Eating Out,FNB Savings Account
2024/04/02,THE MAGNOLIA FARM T 410588*6433  29 MAR,-508.5,Unknown,FNB Savings Account
2024/04/02,SUNSHINE CLOTHING   410588*6433  29 MAR,-240.0,Unknown,FNB Savings Account
2024/04/02,THE MAGNOLIA FARM T 410588*6433  29 MAR,-186.0,Unknown,FNB Savings Account
2024/04/02,ENGEN CATO RIDGE ON 410588*6433  28 MAR,-104.2,Fuel,FNB Savings Account
2024/04/02,THE MAGNOLIA FARM T 410588*6433  29 MAR,-36.0,Unknown,FNB Savings Account
2024/04/02,SENTRA PORT EDWAR37 410588*6433  29 MAR,-24.99,Unknown,FNB Savings Account
2024/03/28,#INT PYMT FEE-109.99 APPL,-2.2,Bank Fees,FNB Savings Account
2024/03/30,FUSION INTEREST REBATE,13.07,Unknown,FNB Savings Account
2024/03/30,BYC DEBIT             62638837023,-162.83,Savings,FNB Savings Account
2024/03/30,#SERVICE FEES,-2.7,Bank Fees,FNB Savings Account
2024/03/30,#MONTHLY ACCOUNT FEE,-230.0,Bank Fees,FNB Savings Account
2024/03/30,#MONTHLY CREDIT FEE,-69.0,Bank Fees,FNB Savings Account
2024/03/30,INT ON DEBIT BALANCE,-12.79,Unknown,FNB Savings Account
2024/03/30,ENGEN BERGVIEW ONE  410588*6433  28 MAR,-781.32,Fuel,FNB Savings Account
2024/03/30,BP BIRNAM           410588*6433  27 MAR,-270.66,Fuel,FNB Savings Account
2024/03/30,BP BIRNAM           410588*6433  27 MAR,-10.0,Fuel,FNB Savings Account
2024/03/30,ENGEN BERGVIEW ONE  410588*6433  28 MAR,-219.5,Fuel,FNB Savings Account
2024/03/30,YUNG CHEN TAKEAWAYS 410588*6433  27 MAR,-73.0,Eating Out,FNB Savings Account
2024/03/30,ACCOMMODATION,-1595.0,Unknown,FNB Savings Account
2024/06/10,BWH RIVONIA         410588*6433  07 JUN,-1519.0,???,FNB Savings Account
2024/06/07,#INT PYMT FEE-199.99 APPL,-4.0,Bank Fees,FNB Savings Account
2024/06/08,BYC DEBIT             62638837023,-10.01,Savings,FNB Savings Account
2024/06/07,199.99 APPLE.COM/BI 410588*6433  06 JUN,-199.99,Services,FNB Savings Account
2024/06/06,M BRAUDE CONSULTING,20000.0,Income,FNB Savings Account
2024/06/06,CTM - BATHROOM SINK,-5669.4,Home,FNB Savings Account
2024/06/05,FIRESTREAM,-799.0,Services,FNB Savings Account
2024/05/31,#INT PYMT FEE-299.99 APPL,-6.0,Bank Fees,FNB Savings Account
2024/05/29,THE BERLINER BUTCHERY S JOHANNESBURG,-592.6,Groceries,Discovery Credit Card
2024/05/27,PYTHONANYWHERE 12.00 USD,-228.8,Study Buddy,Discovery Credit Card
2024/05/26,Checkers Mall of Afric MIDRAND,-932.13,Groceries,Discovery Credit Card
2024/05/24,OZZYS KITCHEN WYNBERG,-700.0,Eating Out,Discovery Credit Card
2024/05/23,WOOLWORTHS JOHANNESBURG,-189.94,Groceries,Discovery Credit Card
2024/05/21,WOOLWORTHS SANDTON,-868.9,Groceries,Discovery Credit Card
2024/05/20,KFC VORN464943 Halfway House,-122.7,Eating Out,Discovery Credit Card
2024/05/19,MR D FOOD CAPE TOWN,-391.92,Eating Out,Discovery Credit Card
2024/05/18,THE COURIER RESTAURANT Johannesburg,-650.0,Eating Out,Discovery Credit Card
2024/05/17,MR D FOOD CAPE TOWN,-427.5,Eating Out,Discovery Credit Card
2024/05/16,DR VINOLA NAIDOO INC PRETORIA,-1430.0,Healthcare,Discovery Credit Card
2024/05/16,Checkers Sixty60,-1266.83,Groceries,Discovery Credit Card
2024/05/16,Checkers Sixty60 Tips,-10.0,Groceries,Discovery Credit Card
2024/05/14,ENGEN KYALAMI CONVENIE KYALAMI,-796.9,Fuel,Discovery Credit Card
2024/05/12,FIREROOM MALL OF AFRICA MIDRAND PARK,-1813.0,Eating Out,Discovery Credit Card
2024/05/11,SuperSpar Vorna Valley Western Cape,-163.98,Groceries,Discovery Credit Card
2024/05/11,Yoco   *EST ELLE Jewel Fourways,-265.0,Gifts,Discovery Credit Card
2024/05/11,WOOLWORTHS SANDTON,-319.29,Groceries,Discovery Credit Card
2024/05/11,BP MELROSE JOHANNESBURG,-240.0,Fuel,Discovery Credit Card
2024/05/11,Checkers Sixty60,-1057.85,Groceries,Discovery Credit Card
2024/05/11,Checkers Sixty60 Tips,-10.0,Groceries,Discovery Credit Card
2024/05/10,DISC INVT 1110509344-297229175,-4000.0,Investment,Discovery Credit Card
2024/05/10,DISC INVT 1110509344-297227621,-600.0,Investment,Discovery Credit Card
2024/05/10,FEDERAL PARKING SERVICES FOURWAYS,-10.0,Transport,Discovery Credit Card
2024/05/10,FLM WATERFALL RIDGE PRETORIA,-250.0,Groceries,Discovery Credit Card
2024/05/10,TOYZONE WATERFALL VORNA VALLEY,-249.99,Kids,Discovery Credit Card
2024/05/10,BOUNCE INC - FOURWAYS SANDTON,-60.0,Kids,Discovery Credit Card
2024/05/10,BOUNCE INC - FOURWAYS SANDTON,-220.0,Kids,Discovery Credit Card
2024/05/08,WOOLWORTHS JOHANNESBURG,-99.99,Groceries,Discovery Credit Card
2024/05/08,CRAZY STORE VICTORY PA VICTORY PARK,-210.97,Kids,Discovery Credit Card
2024/05/07,CHICKEN LICKE MIDWAY MEWS GAUTENG,-357.0,Eating Out,Discovery Credit Card
2024/05/07,Dynamic interest cashback at 7.00%,35.05,Unknown,Discovery Credit Card
2024/05/07,Dynamic interest boost adjustment at 1.50%,-0.01,Interest,Discovery Credit Card
2024/05/07,Monthly Account fee,-105.0,Bank Fees,Discovery Credit Card
2024/05/07,Vitality Money Premium,-45.0,Bank Fees,Discovery Credit Card
2024/05/07,Monthly facility fee,-69.0,Bank Fees,Discovery Credit Card
2024/05/07,Interest Charged at 22.25%,-111.39,Interest,Discovery Credit Card
2024/05/03,DR VINOLA NAIDOO INC PRETORIA,-1430.0,Healthcare,Discovery Credit Card
2024/05/03,Checkers Sixty60,-2147.61,Groceries,Discovery Credit Card
2024/05/03,Checkers Sixty60 Tips,-10.0,Groceries,Discovery Credit Card
2024/05/03,CR CARD PAYMENT,20000.0,Transfer,Discovery Credit Card
2024/05/03,Transfer,4360.85,Unknown,Discovery Credit Card
2024/05/03,Txn Declined Fee Checkers Sixty60,-3.5,Bank Fees,Discovery Credit Card
2024/05/02,DISCINSURE4003608219-296374692,-1107.95,Insurance,Discovery Credit Card
2024/05/02,DISCLIFE  5131036607-296108345,-2234.63,Investment,Discovery Credit Card
2024/06/10,DISC INVT 1110509344-298966400,-4000.0,Investment,Discovery Credit Card
2024/06/10,DISC INVT 1110509344-298964512,-600.0,Investment,Discovery Credit Card
2024/06/10,Buffalo Logistics Kempton ZA,-106.95,Unknown,Discovery Credit Card
2024/06/07,Intl payment fee Dlocal *SHEIN COM,-19.88,Bank Fees,Discovery Credit Card
2024/06/07,Dlocal *SHEIN COM 994.00 ZAR,-994.0,Clothing,Discovery Credit Card
2024/06/07,Dynamic interest cashback at 2.00%,5.79,Unknown,Discovery Credit Card
2024/06/07,Monthly Account fee,-105.0,Bank Fees,Discovery Credit Card
2024/06/07,Vitality Money Premium,-45.0,Bank Fees,Discovery Credit Card
2024/06/07,Monthly facility fee,-69.0,Bank Fees,Discovery Credit Card
2024/06/07,Interest Charged at 22.25%,-64.39,Interest,Discovery Credit Card
2024/06/05,Dischem Victory Park VICTORY PARK,-205.69,Pharma,Discovery Credit Card
2024/06/04,CLICKS CRESTA CENTRE Gauteng,-548.93,Pharma,Discovery Credit Card
2024/06/03,BP MELROSE JOHANNESBURG,-270.0,Fuel,Discovery Credit Card
2024/06/03,DISCINSURE4003608219-298741499,-1107.95,Insurance,Discovery Credit Card
2024/06/01,ENGEN Precinct Kyalami Estat,-581.79,Fuel,Discovery Credit Card
2024/06/01,Yoco   *Earth Yoga Pty Midrand,-30.0,Unknown,Discovery Credit Card
2024/06/01,DISCLIFE  5131036607-297783084,-2234.63,Investment,Discovery Credit Card
2024/06/01,DISCBANK  00000017275813806,13500.0,Unknown,Discovery Credit Card
2024/04/28,Uber Eats,-172.13,Eating Out,Discovery Credit Card
2024/04/27,HOME ESSENTIAL KYALAMI BARBEQUE DOWN,-318.0,Unknown,Discovery Credit Card
2024/04/27,Checkers Sixty60,-565.84,Groceries,Discovery Credit Card
2024/04/27,Checkers Sixty60 Tips,-10.0,Groceries,Discovery Credit Card
2024/04/27,PYTHONANYWHERE 12.00 USD,-236.32,Study Buddy,Discovery Credit Card
2024/04/26,ENGEN Precinct Kyalami Estat,-424.29,Fuel,Discovery Credit Card
2024/04/22,PLUSH MELROSE ARCH JOHANNESBURG,-90.0,Transport,Discovery Credit Card
2024/04/22,Dischem Sunninghill SANDTON,-309.95,Pharma,Discovery Credit Card
2024/04/22,DR VINOLA NAIDOO INC PRETORIA,-1430.0,Healthcare,Discovery Credit Card
2024/04/21,Checkers Sixty60,-746.17,Groceries,Discovery Credit Card
2024/04/21,Checkers Sixty60 Tips,-10.0,Groceries,Discovery Credit Card
2024/04/20,DHA DISCOVERY BANK SANDTON,-140.0,Unknown,Discovery Credit Card
2024/04/20,Checkers Sixty60,-1981.66,Groceries,Discovery Credit Card
2024/04/20,Checkers Sixty60 Tips,-10.0,Groceries,Discovery Credit Card
2024/04/20,ENGEN BBQ DOWNS Kyalami Estat,-638.42,Fuel,Discovery Credit Card
2024/04/19,BP MELROSE JOHANNESBURG,-360.0,Fuel,Discovery Credit Card
2024/04/17,DISCINSURE4003608219-295508004,-1107.95,Insurance,Discovery Credit Card
2024/04/15,Dischem Athol Oaklands BIRNAM,-344.8,Pharma,Discovery Credit Card
2024/04/14,HAAGEN DAZS MIDRAND,-440.0,Eating Out,Discovery Credit Card
2024/04/14,Checkers Sixty60,-1583.86,Groceries,Discovery Credit Card
2024/04/14,Checkers Sixty60 Tips,-10.0,Groceries,Discovery Credit Card
2024/04/14,KFC VORN464943 Halfway House,-89.8,Eating Out,Discovery Credit Card
2024/04/14,ISTORE MALL OF AF51294 Halfway House,-499.0,Unknown,Discovery Credit Card
2024/04/13,FLM Waterfall Ridge MIDRAND,-370.65,Groceries,Discovery Credit Card
2024/04/13,FLM ML Waterfall Ridge MIDRAND,-80.0,Groceries,Discovery Credit Card
2024/04/12,BP BIRNAM JOHANNESBURG,-10.0,Fuel,Discovery Credit Card
2024/04/12,BP MELROSE JOHANNESBURG,-406.77,Fuel,Discovery Credit Card
2024/04/10,DISC INVT 1110509344-295442825,-4000.0,Investment,Discovery Credit Card
2024/04/10,DISC INVT 1110509344-295441063,-600.0,Investment,Discovery Credit Card
2024/04/09,LONE CREEK SPUR GAUTENG,-1400.0,Eating Out,Discovery Credit Card
2024/04/08,DISCLIFE  5131036607-295393431,-2234.63,Investment,Discovery Credit Card
2024/04/07,Checkers Sixty60,-677.84,Groceries,Discovery Credit Card
2024/04/07,Checkers Sixty60 Tips,-10.0,Groceries,Discovery Credit Card
2024/04/07,Dynamic interest boost at 1.50%,0.2,Interest,Discovery Credit Card
2024/04/07,Dynamic interest cashback at 7.00%,4.03,Unknown,Discovery Credit Card
2024/04/07,Monthly Account fee,-105.0,Bank Fees,Discovery Credit Card
2024/04/07,Vitality Money Premium,-45.0,Bank Fees,Discovery Credit Card
2024/04/07,Monthly facility fee,-69.0,Bank Fees,Discovery Credit Card
2024/04/07,Excess Interest charged at 22.25%,-0.02,Interest,Discovery Credit Card
2024/04/07,Interest Charged at 22.25%,-12.82,Interest,Discovery Credit Card
2024/04/07,Interest Earned at 1.00%,0.14,Interest,Discovery Credit Card
2024/04/07,Interest Earned at 1.00%,-0.01,Unknown,Discovery Credit Card
2024/04/06,PYTHONANYWHERE 12.00 USD,-232.11,Study Buddy,Discovery Credit Card
2024/04/06,TAHZEEB CASH AND CARRY Amalgam,-400.0,Unknown,Discovery Credit Card
2024/04/06,MR D FOOD CAPE TOWN,-337.3,Eating Out,Discovery Credit Card
2024/04/06,YI ZHI IMPORT EXPORT Jet Park,-280.0,Unknown,Discovery Credit Card
2024/04/05,Checkers Sixty60,-1499.78,Groceries,Discovery Credit Card
2024/04/05,Checkers Sixty60 Tips,-10.0,Groceries,Discovery Credit Card
2024/04/04,Card Repayment,30000.0,Unknown,Discovery Credit Card
2024/04/02,Returned debit order fee,-12.5,Bank Fees,Discovery Credit Card
2024/04/02,Insufficient Funds,2234.63,Unknown,Discovery Credit Card
2024/04/02,Insufficient Funds,1107.95,Unknown,Discovery Credit Card
2024/04/02,DISCLIFE  5131036607-294443772,-2234.63,Investment,Discovery Credit Card
2024/04/02,DISCINSURE4003608219-294623355,-1107.95,Insurance,Discovery Credit Card
2024/04/01,Txn Declined Fee PYTHONANYWHERE,-5.0,Declined Fee,Discovery Credit Card
2024/04/01,Txn Declined Fee BP Ridge Oasis,-3.5,Declined Fee,Discovery Credit Card
2024/03/29,Txn Declined Fee Shop2Shop,-3.5,Bank Fees,Discovery Credit Card
2024/03/27,Txn Declined Fee PYTHONANYWHERE,-5.0,Declined Fee,Discovery Credit Card
2024/03/24,Txn Declined Fee Checkers Sixty60,-3.5,Bank Fees,Discovery Credit Card
2024/03/21,Checkers Sixty60,-1109.89,Groceries,Discovery Credit Card
2024/03/21,Checkers Sixty60 Tips,-10.0,Groceries,Discovery Credit Card
2024/03/19,Txn Declined Fee SuperSpar Vorna Valley,-3.5,Declined Fee,Discovery Credit Card
2024/03/18,DISCINSURE4003608219-293785737,-1107.95,Insurance,Discovery Credit Card
2024/03/18,ENGEN Precinct Kyalami Estat,-198.07,Fuel,Discovery Credit Card
2024/03/17,ENGEN BBQ DOWNS Kyalami Estat,-332.9,Fuel,Discovery Credit Card
2024/03/17,ENGEN Precinct Kyalami Estat,-705.58,Fuel,Discovery Credit Card
2024/03/16,Checkers Sixty60,-1383.8,Groceries,Discovery Credit Card
2024/03/16,Checkers Sixty60 Tips,-10.0,Groceries,Discovery Credit Card
2024/03/15,ENGEN Precinct Kyalami Estat,-255.96,Fuel,Discovery Credit Card
2024/03/15,ENGEN Precinct Kyalami Estat,-46.3,Fuel,Discovery Credit Card
2024/03/15,THE POTATO SHED POLOFI Midrand Ext 1,-666.0,Unknown,Discovery Credit Card
2024/03/15,CRAZY STORE POLOFIELDS MIDRAND,-219.96,Unknown,Discovery Credit Card
2024/03/14,Osidon,-875.0,Service,Discovery Credit Card
2024/03/14,Intl payment fee AIRBNB * HMWQKACSJW,-88.99,Bank Fees,Discovery Credit Card
2024/03/14,AIRBNB * HMWQKACSJW 4449.48 ZAR,-4449.48,Vacation,Discovery Credit Card
2024/03/13,BP MELROSE JOHANNESBURG,-330.0,Fuel,Discovery Credit Card
2024/03/12,Takealo*t,-688.0,Shopping,Discovery Credit Card
2024/03/12,TMT,-415.0,Unknown,Discovery Credit Card
2024/03/11,DISC INVT 1110509344-293723934,-1800.0,Investment,Discovery Credit Card
2024/03/11,DISC INVT 1110509344-293725526,-4000.0,Investment,Discovery Credit Card
2024/03/11,CARDIES SANDTON  28827 SANDTON,-155.0,Unknown,Discovery Credit Card
2024/03/11,THE BREAD BASKET BAKERY JOHANNESBURG,-72.0,Unknown,Discovery Credit Card
2024/03/11,ISTORE SANDTON CITY Sandton City,-23999.0,Unknown,Discovery Credit Card
2024/03/11,Checkers Sixty60,-394.25,Groceries,Discovery Credit Card
2024/03/11,Checkers Sixty60 Tips,-10.0,Groceries,Discovery Credit Card
2024/03/11,CASA BELLA MALL OF AFRICA MIDRAND,-3100.0,Unknown,Discovery Credit Card
2024/03/11,Vodacom 4U Sandton Cit Sandton,-1228.0,Unknown,Discovery Credit Card
2024/03/11,ALGERIAN BARBER SUNNINGHI NORTH GAUTENG,-250.0,Unknown,Discovery Credit Card
2024/03/11,Phone Loan,30000.0,Unknown,Discovery Credit Card
2024/03/10,BP WATERFALL SERVICE VORNA VALLEY,-754.99,Unknown,Discovery Credit Card
2024/03/10,BOUNCE MALL OF AFRICA HALFWAY HOUSE,-220.0,Unknown,Discovery Credit Card
2024/03/10,BOUNCE MALL OF AFRICA HALFWAY HOUSE,-408.0,Unknown,Discovery Credit Card
2024/03/10,Checkers Sixty60,-1039.64,Groceries,Discovery Credit Card
2024/03/10,Checkers Sixty60 Tips,-10.0,Groceries,Discovery Credit Card
2024/03/08,CR CARD PAYMENT,20000.0,Transfer,Discovery Credit Card
2024/03/08,INSURECASH4003608219-252109881,30.5,Uncatagorised,Discovery Credit Card
2024/03/07,Txn Declined Fee WOOLWORTHS,-3.5,Declined Fee,Discovery Credit Card
2024/03/07,Dynamic interest cashback at 7.00%,9.19,Unknown,Discovery Credit Card
2024/03/07,Monthly Account fee,-105.0,Bank Fees,Discovery Credit Card
2024/03/07,Vitality Money Premium,-45.0,Bank Fees,Discovery Credit Card
2024/03/07,Monthly facility fee,-69.0,Bank Fees,Discovery Credit Card
2024/03/07,Interest Charged at 22.25%,-29.21,Interest,Discovery Credit Card
2024/03/02,Returned debit order fee,-12.5,Bank Fees,Discovery Credit Card
2024/03/02,FIRSTRAND BANK,1107.95,Unknown,Discovery Credit Card
2024/03/02,DISCINSURE4003608219-293504555,-1107.95,Insurance,Discovery Credit Card
2024/03/01,DISCLIFE  5131036607-292629654,-2234.63,Investment,Discovery Credit Card
2024/03/01,ISTANBUL KEBAB AND SHAWAR MELROSE ESTBL,-580.0,Unknown,Discovery Credit Card
2024/02/29,Uber Eats,-477.29,Eating Out,Discovery Credit Card
2024/02/28,Spar Polo Fields Gauteng South,-193.94,Unknown,Discovery Credit Card
2024/02/28,Checkers Sixty60,-268.95,Groceries,Discovery Credit Card
2024/02/28,Checkers Sixty60 Tips,-10.0,Groceries,Discovery Credit Card
2024/02/27,WOOLWORTHS SANDTON,-485.89,Groceries,Discovery Credit Card
2024/02/27,PYTHONANYWHERE 12.00 USD,-239.36,Study Buddy,Discovery Credit Card
2024/02/26,Checkers Sixty60,-1494.8,Groceries,Discovery Credit Card
2024/02/26,Checkers Sixty60 Tips,-10.0,Groceries,Discovery Credit Card
2024/02/25,ENGEN SKYSTOP Kempton Park,-864.3,Unknown,Discovery Credit Card
2024/02/25,WD *Sweet Treat Port E Port Elizabet,-142.7,Unknown,Discovery Credit Card
2024/02/25,GAMTOOS HOTEL AND CARA Port Elizabet,-488.9,Unknown,Discovery Credit Card
2024/02/23,WD *Sweet Treat Port E Port Elizabet,-288.9,Unknown,Discovery Credit Card
2024/02/22,BP MELROSE JOHANNESBURG,-310.0,Fuel,Discovery Credit Card
2024/02/20,BP MELROSE JOHANNESBURG,-1536.74,Fuel,Discovery Credit Card
2024/02/19,WOOLWORTHS BOULEVARD,-752.82,Groceries,Discovery Credit Card
2024/02/19,WEST PACK EXPRESS LONE LONEHILL,-329.4,Unknown,Discovery Credit Card
2024/02/17,Checkers Sixty60,-840.84,Groceries,Discovery Credit Card
2024/02/17,Checkers Sixty60 Tips,-10.0,Groceries,Discovery Credit Card
2024/02/17,EL AND N MALL OF AFRICA MIDRAND,-720.0,Unknown,Discovery Credit Card
2024/02/17,School Fees,7169.29,Unknown,Discovery Credit Card
2024/02/16,DISC INVT 1110509344-292071387,-4000.0,Investment,Discovery Credit Card
2024/02/14,MR D FOOD CAPE TOWN,-406.6,Eating Out,Discovery Credit Card
2024/02/13,CR CARD PAYMENT,10000.0,Transfer,Discovery Credit Card
2024/02/12,Returned debit order fee,-10.0,Bank Fees,Discovery Credit Card
2024/02/12,FIRSTRAND BANK,1200.0,Unknown,Discovery Credit Card
2024/02/12,FIRSTRAND BANK,4000.0,Unknown,Discovery Credit Card
2024/02/12,DISC INVT 1110509344-292008811,-1200.0,Investment,Discovery Credit Card
2024/02/12,DISC INVT 1110509344-292010243,-4000.0,Investment,Discovery Credit Card
2024/02/12,Txn Declined Fee MR D FOOD,-3.5,Bank Fees,Discovery Credit Card
2024/02/10,Txn Declined Fee Checkers Sixty60,-3.5,Bank Fees,Discovery Credit Card
2024/02/10,Txn Declined Fee Checkers Sixty60,-3.5,Bank Fees,Discovery Credit Card
2024/02/10,Txn Declined Fee EL AND N MALL OF AFRICA,-3.5,Declined Fee,Discovery Credit Card
2024/02/09,ENGEN KYALAMI CONVENIE KYALAMI,-880.35,Fuel,Discovery Credit Card
2024/02/09,Checkers Sixty60,-215.95,Groceries,Discovery Credit Card
2024/02/09,Checkers Sixty60 Tips,-10.0,Groceries,Discovery Credit Card
2024/02/09,INSURECASH4003608219-250561293,28.0,Uncatagorised,Discovery Credit Card
2024/02/08,Dischem Athol Oaklands BIRNAM,-980.6,Pharma,Discovery Credit Card
2024/02/08,Checkers Blubird Melro SANDTON,-2522.03,Groceries,Discovery Credit Card
2024/02/07,Dynamic interest boost at 1.50%,0.1,Interest,Discovery Credit Card
2024/02/07,Dynamic interest cashback at 7.00%,5.15,Unknown,Discovery Credit Card
2024/02/07,Monthly Account fee,-105.0,Bank Fees,Discovery Credit Card
2024/02/07,Vitality Money Premium,-45.0,Bank Fees,Discovery Credit Card
2024/02/07,Monthly facility fee,-69.0,Bank Fees,Discovery Credit Card
2024/02/07,Excess Interest charged at 22.25%,-2.73,Interest,Discovery Credit Card
2024/02/07,Interest Charged at 22.25%,-16.38,Interest,Discovery Credit Card
2024/02/07,Interest Earned at 1.00%,0.07,Interest,Discovery Credit Card
2024/02/06,MR D FOOD CAPE TOWN,-204.42,Eating Out,Discovery Credit Card
2024/02/05,BP MELROSE JOHANNESBURG,-120.0,Fuel,Discovery Credit Card
2024/02/04,Checkers Sixty60,-3.6,Groceries,Discovery Credit Card
2024/02/04,Checkers Sixty60,-1298.74,Groceries,Discovery Credit Card
2024/02/04,Checkers Sixty60 Tips,-10.0,Groceries,Discovery Credit Card
2024/02/04,ROAD TRAFFIC MANAGEMEN Halfway House,-300.0,Unknown,Discovery Credit Card
2024/02/02,DISC INVT 1110509344-291891713,-4000.0,Investment,Discovery Credit Card
2024/02/02,DISCINSURE4003608219-291876367,-1107.95,Insurance,Discovery Credit Card
2024/02/02,Checkers Sixty60,-455.92,Groceries,Discovery Credit Card
2024/02/02,Checkers Sixty60 Tips,-10.0,Groceries,Discovery Credit Card
2024/02/01,DISCLIFE  5131036607-290710398,-2234.63,Investment,Discovery Credit Card
2024/02/01,CR CARD PAYMENT,15000.0,Transfer,Discovery Credit Card
2024/02/01,Debit order repayment   single credit facility,1116.58,Unknown,Discovery Credit Card
2024/01/31,Txn Declined Fee UBER RIDES,-3.5,Bank Fees,Discovery Credit Card
2024/01/30,Txn Declined Fee MCD Rosebank (082),-3.5,Declined Fee,Discovery Credit Card
2024/01/29,WOOLWORTHS SANDTON,-1456.89,Groceries,Discovery Credit Card
2024/01/29,Txn Declined Fee WOOLWORTHS,-3.5,Declined Fee,Discovery Credit Card
2024/01/27,PAYFAST*Govchain,-880.0,Service,Discovery Credit Card
2024/01/27,Intl payment fee AIRBNB * HMWQKACSJW,-22.25,Bank Fees,Discovery Credit Card
2024/01/27,AIRBNB * HMWQKACSJW 1112.38 ZAR,-1112.38,Vacation,Discovery Credit Card
2024/01/27,Uber Rides,-110.0,Transport,Discovery Credit Card
2024/01/27,Uber Rides,-50.0,Transport,Discovery Credit Card
2024/01/27,Uber Rides,-20.0,Transport,Discovery Credit Card
2024/01/27,Uber Rides,-299.0,Transport,Discovery Credit Card
2024/01/27,Uber Rides,-250.0,Transport,Discovery Credit Card
2024/01/27,Uber Eats,-412.7,Eating Out,Discovery Credit Card
2024/01/27,EXCLUSIVE BOOKS AIRPOR Desainagar,-339.0,Unknown,Discovery Credit Card
2024/01/27,UBER EATS JOHANNESBURG,-41.27,Eating Out,Discovery Credit Card
2024/01/27,FlySafair VAS,-155.0,Vacation,Discovery Credit Card
2024/01/27,FlySafair 5C2MAL-MBRAU,-405.0,Vacation,Discovery Credit Card
2024/01/26,KU D TA Durban,-460.0,Unknown,Discovery Credit Card
2024/01/26,OYSTER BAR UMHLANGA ROCK,-100.0,Unknown,Discovery Credit Card
2024/01/26,OCEAN TERRACE RESTAU  NT UMHLANGA ROCK,-1050.0,Unknown,Discovery Credit Card
2024/01/26,DARUMA UMHLANGA Umhlanga Rock,-580.0,Unknown,Discovery Credit Card
2024/01/24,MSC SPLENDIDA PARIS 700.00 USD,-13874.83,Travel,Discovery Credit Card
2024/01/22,MUGG & BEAN DURBAN,-256.0,Unknown,Discovery Credit Card
2024/01/22,FlySafair VAS,-155.0,Vacation,Discovery Credit Card
2024/01/21,Checkers Sixty60,-402.93,Groceries,Discovery Credit Card
2024/01/21,Checkers Sixty60 Tips,-10.0,Groceries,Discovery Credit Card
2024/01/20,Mall of Africa MIDRAND,-10.0,Unknown,Discovery Credit Card
2024/01/20,BOUNCE MALL OF AFRICA HALFWAY HOUSE,-440.0,Unknown,Discovery Credit Card
2024/01/20,Checkers Sixty60,-1210.99,Groceries,Discovery Credit Card
2024/01/20,Checkers Sixty60,-349.19,Groceries,Discovery Credit Card
2024/01/20,MR D FOOD CAPE TOWN,-540.18,Eating Out,Discovery Credit Card
2024/01/20,Checkers Sixty60 Tips,-10.0,Groceries,Discovery Credit Card
2024/01/18,SuperSpar Sunninghill SUNNINGHILL,-217.11,Groceries,Discovery Credit Card
2024/01/18,MCD Waterfall (0677) MidRand,-215.0,Eating Out,Discovery Credit Card
2024/01/18,DAD'S AND LAD'S BARBER JOHANNESBURG,-320.0,Unknown,Discovery Credit Card
2024/01/18,CHICKEN LICKE MIDWAY MEWS GAUTENG,-347.0,Eating Out,Discovery Credit Card
2024/01/17,DISCINSURE4003608219-290346484,-1107.95,Insurance,Discovery Credit Card
2024/01/17,ENGEN BBQ DOWNS Kyalami Estat,-1798.86,Fuel,Discovery Credit Card
2024/01/17,BP MELROSE JOHANNESBURG,-300.0,Fuel,Discovery Credit Card
2024/01/15,WOOLWORTHS SANDTON,-246.51,Groceries,Discovery Credit Card
2024/01/15,Clicks Melrose Arch JHB,-1411.7,Pharma,Discovery Credit Card
2024/01/15,Thanks Kohli,30000.0,Unknown,Discovery Credit Card
2024/01/12,INSURECASH4003608219-249834420,37.83,Uncatagorised,Discovery Credit Card
2024/01/12,Txn Declined Fee MCD Midridge (0344),-3.5,Declined Fee,Discovery Credit Card
2024/01/10,Returned debit order fee,-10.0,Bank Fees,Discovery Credit Card
2024/01/10,FIRSTRAND BANK,600.0,Unknown,Discovery Credit Card
2024/01/10,FIRSTRAND BANK,4000.0,Unknown,Discovery Credit Card
2024/01/10,DISC INVT 1110509344-290276538,-600.0,Investment,Discovery Credit Card
2024/01/10,DISC INVT 1110509344-290277679,-4000.0,Investment,Discovery Credit Card
2024/01/07,WOOLWORTHS JUKSKEI VIEW,-37.06,Groceries,Discovery Credit Card
2024/01/07,Txn Declined Fee CAJEES TIME ZONE MALL,-3.5,Declined Fee,Discovery Credit Card
2024/01/07,Dynamic interest cashback at 7.00%,4.23,Unknown,Discovery Credit Card
2024/01/07,Vitality Money Premium,-45.0,Bank Fees,Discovery Credit Card
2024/01/07,Monthly Account fee,-105.0,Bank Fees,Discovery Credit Card
2024/01/07,Monthly facility fee,-69.0,Bank Fees,Discovery Credit Card
2024/01/07,Interest Charged at 22.25%,-13.44,Interest,Discovery Credit Card
2024/01/04,RIP CURL LAST SEASON JBAY JEFFREYS BAY,-449.98,Unknown,Discovery Credit Card
2024/01/03,SuperSpar Waterfront Eastern Cape,-32.99,Groceries,Discovery Credit Card
2024/01/02,Returned debit order fee,-10.0,Bank Fees,Discovery Credit Card
2024/01/02,DISCLIFE  5131036607-289226952,-2234.63,Investment,Discovery Credit Card
2024/01/02,FIRSTRAND BANK LIMITED,1107.95,Unknown,Discovery Credit Card
2024/01/02,DISCINSURE4003608219-289448036,-1107.95,Insurance,Discovery Credit Card
2024/01/02,Debit order repayment   single credit facility,2781.94,Unknown,Discovery Credit Card
2023/12/23,NINAS REAL FOOD JBAY JEFFREYS BAY,-315.0,Unknown,Discovery Credit Card
2023/12/23,SuperSpar Jeffreys Bay Eastern Cape,-1208.94,Groceries,Discovery Credit Card
2023/12/23,Checkers BayWest PORT ELIZABET,-926.97,Groceries,Discovery Credit Card
2023/12/23,WOOLWORTHS BAYWEST,-2260.04,Groceries,Discovery Credit Card
2023/12/23,V064-EDG BAY WEST M SB THOHOYANDOU,-645.99,Unknown,Discovery Credit Card
2023/12/22,DEBONAIRS PIZZA Jeffreys Bay,-39.9,Unknown,Discovery Credit Card
2023/12/21,SHELL THE WINDFARM Port Elizabet,-1197.5,Unknown,Discovery Credit Card
2023/12/20,WILD WAVES SHOPPE BIZANA,-125.0,Unknown,Discovery Credit Card
2023/12/20,SPUR TAKE AWAY PORT EDWARD,-312.7,Eating Out,Discovery Credit Card
2023/12/20,WILD COAST SUN HOTEL BIZANA,-20.0,Unknown,Discovery Credit Card
2023/12/20,WILD WAVE WATERPARK BIZANA,-240.0,Unknown,Discovery Credit Card
2023/12/20,WILD WAVE WATERPARK BIZANA,-80.0,Unknown,Discovery Credit Card
2023/12/20,WILD WAVE WATERPARK BIZANA,-420.0,Unknown,Discovery Credit Card
2023/12/18,WILD COAST SUN HOTEL BIZANA,-20.0,Unknown,Discovery Credit Card
2023/12/18,RESTAURANTE FAZENDA AN PORT EDWARD,-130.0,Unknown,Discovery Credit Card
2023/12/18,SUNSHINE CLOTHING PORT EDWARD,-350.0,Unknown,Discovery Credit Card
2023/12/17,Intl payment fee PLAYSTATION NETWORK,-37.58,Bank Fees,Discovery Credit Card
2023/12/17,PLAYSTATION NETWORK LONDON 1879.00 ZAR,-1879.0,Unknown,Discovery Credit Card
2023/12/16,iK *Dragonview Lodge WINTERTON,-570.0,Unknown,Discovery Credit Card
2023/12/15,ENGEN SUNNINGHILL Sunninghill,-1759.8,Unknown,Discovery Credit Card
2023/12/15,CALTEX VAN REENEN JOZINI,-996.45,Unknown,Discovery Credit Card
2023/12/15,VALLEY BAKERY WINTERTON,-586.0,Unknown,Discovery Credit Card
2023/12/13,THE STATION PARKHURST JOHANNESBURG,-560.0,Unknown,Discovery Credit Card
2023/12/11,DISC INVT 1110509344-288555781,-600.0,Investment,Discovery Credit Card
2023/12/11,BLUEBERRY BEACON MORNI Gallo Manor,-800.0,Unknown,Discovery Credit Card
2023/12/11,Yoco   *LEGO Store  Ma Midrand,-248.0,Unknown,Discovery Credit Card
2023/12/11,MCD Mall of Africa(518CA GAUTENG,-125.0,Eating Out,Discovery Credit Card
2023/12/11,BOUNCE MALL OF AFRICA HALFWAY HOUSE,-38.0,Unknown,Discovery Credit Card
2023/12/10,ENGEN BIG BIRD 1 STOP Midrand,-400.13,Unknown,Discovery Credit Card
2023/12/09,CASA BELLA MALL OF AFRICA MIDRAND,-840.0,Unknown,Discovery Credit Card
2023/12/09,QUEENSPARK MALL OF AFRI MIDRAND,-699.0,Unknown,Discovery Credit Card
2023/12/09,TOYS R US MALL OF AFRI JOHANNESBURG,-396.5,Kids,Discovery Credit Card
2023/12/09,TOYS R US MALL OF AFRI JOHANNESBURG,-2730.8,Kids,Discovery Credit Card
2023/12/09,Ster Kinekor Mall of A Sandton,-40.0,Unknown,Discovery Credit Card
2023/12/08,PLUSH CARWASH JOHANNESBURG,-80.0,Unknown,Discovery Credit Card
2023/12/08,INSURECASH4003608219-248687679,31.68,Uncatagorised,Discovery Credit Card
2023/12/07,PLUSH CARWASH JOHANNESBURG,-255.0,Unknown,Discovery Credit Card
2023/12/07,Dynamic interest boost at 1.50%,0.09,Interest,Discovery Credit Card
2023/12/07,Dynamic interest cashback at 7.00%,30.52,Unknown,Discovery Credit Card
2023/12/07,Monthly Account fee,-100.0,Bank Fees,Discovery Credit Card
2023/12/07,Vitality Money Premium,-40.0,Bank Fees,Discovery Credit Card
2023/12/07,Monthly facility fee,-69.0,Bank Fees,Discovery Credit Card
2023/12/07,Interest Charged at 22.25%,-97.02,Interest,Discovery Credit Card
2023/12/07,Interest Earned at 3.50%,0.21,Interest,Discovery Credit Card
2023/12/06,THE CLEANING BROTHERS MEL MELROSE,-2214.0,Unknown,Discovery Credit Card
2023/12/05,WEST PACK LIFESTYLE WA VORNA VALLEY,-564.9,Unknown,Discovery Credit Card
2023/12/03,BOUNCE MALL OF AFRICA HALFWAY HOUSE,-60.0,Unknown,Discovery Credit Card
2023/12/03,Checkers Sixty60,-1574.41,Groceries,Discovery Credit Card
2023/12/03,Checkers Sixty60,-0.7,Groceries,Discovery Credit Card
2023/12/02,DISCINSURE4003608219-288332572,-1107.95,Insurance,Discovery Credit Card
2023/12/01,DISCLIFE  5131036607-287482415,-2234.63,Investment,Discovery Credit Card
2023/12/01,Kohli payback,30000.0,Unknown,Discovery Credit Card
2023/11/25,CRADLE VALLEY GUESTHOUSE MULDERSDRIFT,-215.0,Unknown,Discovery Credit Card
2023/11/23,Uber Rides,-112.0,Transport,Discovery Credit Card
2023/11/23,Uber Rides,-140.0,Transport,Discovery Credit Card
2023/11/23,Uber Rides,-66.0,Transport,Discovery Credit Card
2023/11/23,PNA MALL OF AFRICA Johannesburg,-167.99,Unknown,Discovery Credit Card
2023/11/23,Wedding gift,-5000.0,Uncatagorised,Discovery Credit Card
2023/11/23,Wedding Dance Lessons,-800.0,Uncatagorised,Discovery Credit Card
2023/11/22,CHICKEN LICKE MIDWAY MEWS GAUTENG,-215.0,Eating Out,Discovery Credit Card
2023/11/22,FLM Waterfall Ridge MIDRAND,-1128.7,Groceries,Discovery Credit Card
2023/11/22,SORBET CARLSWAL  103701 MIDRAND,-245.0,Unknown,Discovery Credit Card
2023/11/22,Wedding dress,-3500.0,Uncatagorised,Discovery Credit Card
2023/11/21,SuperSpar Sunninghill SUNNINGHILL,-46.99,Groceries,Discovery Credit Card
2023/11/21,WEST PACK LIFESTYLE WA VORNA VALLEY,-1121.0,Unknown,Discovery Credit Card
2023/11/21,MOVE ON MIDRAND MIDRAND,-649.99,Unknown,Discovery Credit Card
2023/11/21,MRP MALL OF AFRICA MIDRAND,-1722.14,Unknown,Discovery Credit Card
2023/11/21,TOYS R US MALL OF AFRI JOHANNESBURG,-591.0,Kids,Discovery Credit Card
2023/11/21,Mall of Africa MIDRAND,-10.0,Unknown,Discovery Credit Card
2023/11/21,CASA BELLA MALL OF AFRICA MIDRAND,-700.0,Unknown,Discovery Credit Card
2023/11/21,Lovisa Mall of Africa MIDRANDLICABL,-930.0,Unknown,Discovery Credit Card
2023/11/21,KODAK IMAGING CENTRE - JOHANNESBURG,-60.0,Unknown,Discovery Credit Card
2023/11/21,ALGERIAN BARBER SUNNINGHI NORTH GAUTENG,-300.0,Unknown,Discovery Credit Card
2023/11/21,STUDIO 88 MALL OF AFRI Johannesburg,-899.99,Unknown,Discovery Credit Card
2023/11/20,Fireroom Mall of AfricCA MIDRAND,-950.0,Unknown,Discovery Credit Card
2023/11/20,KODAK IMAGING CENTRE - JOHANNESBURG,-60.0,Unknown,Discovery Credit Card
2023/11/20,WEST PACK LIFESTYLE WO WOODMEAD,-575.6,Unknown,Discovery Credit Card
2023/11/20,Tops Sunninghill SUNNINGHILL,-3932.78,Unknown,Discovery Credit Card
2023/11/19,SPUR SANDTON CITY SNDTON,-70.0,Unknown,Discovery Credit Card
2023/11/19,SANDTON CITY PARKING SANDTON,-10.0,Transport,Discovery Credit Card
2023/11/19,Trumps Johannesburg,-1150.0,Unknown,Discovery Credit Card
2023/11/19,HAMLEYS SANDTON - INTE SANDTON,-40.0,Unknown,Discovery Credit Card
2023/11/19,WALNUT GROVE RESTAURAN Sandton,-300.0,Unknown,Discovery Credit Card
2023/11/19,Wedding Makeup,-2676.0,Uncatagorised,Discovery Credit Card
2023/11/18,LONE CREEK SPUR GAUTENG,-720.0,Eating Out,Discovery Credit Card
2023/11/18,FLM WATERFALL RIDGE PRETORIA,-240.0,Groceries,Discovery Credit Card
2023/11/18,KFC ALZU KSA1564 K MPUMALANGA,-94.8,Unknown,Discovery Credit Card
2023/11/18,WD *The Bloom Market Gauteng,-800.0,Unknown,Discovery Credit Card
2023/11/18,Refund kohli,30000.0,Unknown,Discovery Credit Card
2023/11/17,MOCHACHOS MALL OF AFRI MIDRAND,-334.8,Eating Out,Discovery Credit Card
2023/11/17,FOTO FIRST MALL OF AFRI MIDRAND,-609.0,Unknown,Discovery Credit Card
2023/11/17,WASABI MALL OF AFRICA Midrand,-300.0,Unknown,Discovery Credit Card
2023/11/14,The Zone ROSEBANK,-10.0,Unknown,Discovery Credit Card
2023/11/14,KRISPY KREME - ROSEBAN JOHANNESBURG,-119.9,Eating Out,Discovery Credit Card
2023/11/11,Spar Damdoryn DAMDORYN,-2541.82,Unknown,Discovery Credit Card
2023/11/10,DISC INVT 1110509344-286829975,-600.0,Investment,Discovery Credit Card
2023/11/10,DASHPAY*Kosmos Marina Kosmos,-450.0,Unknown,Discovery Credit Card
2023/11/10,ENGEN BBQ DOWNS Kyalami Estat,-1962.17,Fuel,Discovery Credit Card
2023/11/10,FLM ML Waterfall Ridge MIDRAND,-5241.08,Groceries,Discovery Credit Card
2023/11/10,POOLTECH MAINTENANCE Kyalami Estat,-1359.5,Unknown,Discovery Credit Card
2023/11/10,BROEDESTROOM FILLING BROEDERSTROOM,-503.8,Unknown,Discovery Credit Card
2023/11/10,iK *Kosmos Cafe Restau HARTBEESPOORT,-2300.0,Unknown,Discovery Credit Card
2023/11/10,INSURECASH4003608219-246801158,30.75,Uncatagorised,Discovery Credit Card
2023/11/09,FUGAZZI - NEWLANDS NORTH GAUTENG,-260.0,Unknown,Discovery Credit Card
2023/11/07,Dynamic interest boost at 0.50%,0.08,Interest,Discovery Credit Card
2023/11/07,Dynamic interest cashback at 2.00%,2.79,Unknown,Discovery Credit Card
2023/11/07,Monthly Account fee,-100.0,Bank Fees,Discovery Credit Card
2023/11/07,Vitality Money Premium,-40.0,Bank Fees,Discovery Credit Card
2023/11/07,Monthly facility fee,-69.0,Bank Fees,Discovery Credit Card
2023/11/07,Interest Charged at 22.25%,-31.08,Interest,Discovery Credit Card
2023/11/07,Interest Earned at 3.50%,0.58,Interest,Discovery Credit Card
2023/11/06,WEST PACK LIFESTYLE WA VORNA VALLEY,-104.5,Unknown,Discovery Credit Card
2023/11/05,CASA BELLA MALL OF AFRICA MIDRAND,-850.0,Unknown,Discovery Credit Card
2023/11/02,DISCINSURE4003608219-286703462,-1107.95,Insurance,Discovery Credit Card
2023/11/01,DISCLIFE  5131036607-285807816,-2234.63,Investment,Discovery Credit Card
2023/10/30,Wedding Drone,-2000.0,Uncatagorised,Discovery Credit Card
2023/10/29,CHAMBERLAIN KYALAMI HALFWAY HOUSE,-1589.0,Unknown,Discovery Credit Card
2023/10/28,Gallagher Convention C Midrand,-176.0,Unknown,Discovery Credit Card
2023/10/28,Checkers Sixty60,-1513.82,Groceries,Discovery Credit Card
2023/10/28,Checkers Sixty60 Tip,-10.0,Groceries,Discovery Credit Card
2023/10/28,Gallagher Convention C Midrand,-296.0,Unknown,Discovery Credit Card
2023/10/27,Amari - Wedding,-3080.0,Uncatagorised,Discovery Credit Card
2023/10/25,Wedding,20000.0,Unknown,Discovery Credit Card
2023/10/23,CR CARD PAYMENT,10000.0,Transfer,Discovery Credit Card
2023/10/18,MCD Waterfall (0677) MidRand,-110.5,Eating Out,Discovery Credit Card
2023/10/18,MCD Chilli on Top (380  F GAUTENG,-39.2,Eating Out,Discovery Credit Card
2023/10/13,INSURECASH4003608219-246040687,40.0,Uncatagorised,Discovery Credit Card
2023/10/13,YUNG CHEN TAKEAWAYS BIRNAM,-68.0,Eating Out,Discovery Credit Card
2023/10/13,BP MELROSE JOHANNESBURG,-380.76,Fuel,Discovery Credit Card
2023/10/10,DISC INVT 1110509344-285094320,-1200.0,Investment,Discovery Credit Card
2023/10/10,TELKOM KILLARNEY EXPRES JOHANNESBURG,-100.0,Unknown,Discovery Credit Card
2023/10/08,Total Campbells C GP,-743.95,Unknown,Discovery Credit Card
2023/10/08,Checkers Sixty60,-1129.07,Groceries,Discovery Credit Card
2023/10/08,MR D FOOD CAPE TOWN,-289.95,Eating Out,Discovery Credit Card
2023/10/08,Checkers Sixty60 Tip,-10.0,Groceries,Discovery Credit Card
2023/10/07,Dynamic interest cashback at 7.00%,3.13,Unknown,Discovery Credit Card
2023/10/07,Monthly Account fee,-100.0,Bank Fees,Discovery Credit Card
2023/10/07,Vitality Money Premium,-40.0,Bank Fees,Discovery Credit Card
2023/10/07,Credit Service Fee,-69.0,Bank Fees,Discovery Credit Card
2023/10/07,Interest Charged at 22.25%,-9.96,Interest,Discovery Credit Card
2023/10/02,DISCLIFE  5131036607-283906027,-2234.63,Investment,Discovery Credit Card
2023/10/02,DISCINSURE4003608219-284164621,-1107.95,Insurance,Discovery Credit Card
2023/10/02,Debit order repayment - DSY Card,6917.2,Unknown,Discovery Credit Card
2023/09/27,The Zone ROSEBANK,-9.0,Unknown,Discovery Credit Card
2023/09/27,CENTRAL AEROSPACE MEDICIN GRAND AIRPORT,-1300.0,Unknown,Discovery Credit Card
2023/09/25,Checkers Sixty60,-1142.88,Groceries,Discovery Credit Card
2023/09/25,Checkers Sixty60 Tip,-10.0,Groceries,Discovery Credit Card
2023/09/24,RA CELLULAR WITBANK,-38.0,Unknown,Discovery Credit Card
2023/09/24,THE BRAZENHEAD FOURWAYS,-219.0,Unknown,Discovery Credit Card
2023/09/24,UBER EATS JOHANNESBURG,-230.0,Eating Out,Discovery Credit Card
2023/09/24,SuperSpar Vorna Valley Western Cape,-445.03,Groceries,Discovery Credit Card
2023/09/24,B188 CHINA MALL Amalgam,-1400.0,Unknown,Discovery Credit Card
2023/09/23,KRISPY KREME - MALL OFFRI MIDRAND,-280.7,Eating Out,Discovery Credit Card
2023/09/23,SISSY BOY MALL OF AFRI WATERFALLCABL,-1399.0,Unknown,Discovery Credit Card
2023/09/23,SuperSpar Vorna Valley Western Cape,-83.12,Groceries,Discovery Credit Card
2023/09/19,Dischem Carlswald Pharm MIDRAND,-838.59,Pharma,Discovery Credit Card
2023/09/18,HARRYS CAFE FORDSBURG,-87.0,Unknown,Discovery Credit Card
2023/09/18,ABRAM TRADING STORE FORDSBURG,-1770.0,Unknown,Discovery Credit Card
2023/09/18,HONEY BEE BRIDAL AND CA FORDSBURG,-118.0,Unknown,Discovery Credit Card
2023/09/18,PATSTERS FABRICS * JOHANNESBURG,-67.5,Unknown,Discovery Credit Card
2023/09/18,IKH*Maryoona Islamic W JOHANNESBURG,-150.0,Unknown,Discovery Credit Card
2023/09/18,HPY*ZIYA BRIDAL WEAR JHB,-1100.0,Unknown,Discovery Credit Card
2023/09/17,Dischem Mall of Africa MIDRAND,-1362.16,Pharma,Discovery Credit Card
2023/09/17,Checkers Sixty60,-1613.79,Groceries,Discovery Credit Card
2023/09/17,Checkers Sixty60 Tip,-10.0,Groceries,Discovery Credit Card
2023/09/14,MCD Mall of Africa(518CA GAUTENG,-29.5,Eating Out,Discovery Credit Card
2023/09/14,MCD Mall of Africa(518CA GAUTENG,-63.0,Eating Out,Discovery Credit Card
2023/09/14,Dischem Mall of Africa MIDRAND,-152.85,Pharma,Discovery Credit Card
2023/09/13,FLM Waterfall Ridge MIDRAND,-126.72,Groceries,Discovery Credit Card
2023/09/13,WD *The Bloom Market Gauteng,-275.0,Unknown,Discovery Credit Card
2023/09/12,CR CARD PAYMENT,15000.0,Transfer,Discovery Credit Card
2023/09/11,Returned debit order fee,-10.0,Bank Fees,Discovery Credit Card
2023/09/11,FIRSTRAND BANK,600.0,Unknown,Discovery Credit Card
2023/09/11,DISC INVT 1110509344-283379819,-600.0,Investment,Discovery Credit Card
2023/09/11,Takealo*t,-500.0,Shopping,Discovery Credit Card
2023/09/11,Superbalist.com,-598.0,Clothing,Discovery Credit Card
2023/09/10,SERVEST PARKING WATERFALL GAUTENG,-12.0,Unknown,Discovery Credit Card
2023/09/10,Checkers Sixty60,-1607.78,Groceries,Discovery Credit Card
2023/09/10,Checkers Sixty60 Tip,-10.0,Groceries,Discovery Credit Card
2023/09/10,ENGEN BBQ DOWNS Kyalami Estat,-334.0,Fuel,Discovery Credit Card
2023/09/09,PnP Clt Rivonia RIVONIA,-714.96,Unknown,Discovery Credit Card
2023/09/09,CRAZY STORE O4 RIVONIA,-39.98,Unknown,Discovery Credit Card
2023/09/09,Yoco   *Yeti H2O Midrand,-40.0,Unknown,Discovery Credit Card
2023/09/08,FLM WATERFALL RIDGE PRETORIA,-400.0,Groceries,Discovery Credit Card
2023/09/08,INSURECASH4003608219-244180748,80.0,Uncatagorised,Discovery Credit Card
2023/09/07,FishAways Corlett Driv MELROSE NORTH,-218.6,Unknown,Discovery Credit Card
2023/09/07,Dynamic interest boost at 1.50%,0.04,Interest,Discovery Credit Card
2023/09/07,Dynamic interest cashback at 7.00%,9.63,Unknown,Discovery Credit Card
2023/09/07,Monthly Account fee,-100.0,Bank Fees,Discovery Credit Card
2023/09/07,Vitality Money Premium,-40.0,Bank Fees,Discovery Credit Card
2023/09/07,Credit Service Fee,-69.0,Bank Fees,Discovery Credit Card
2023/09/07,Interest Charged at 22.25%,-30.6,Interest,Discovery Credit Card
2023/09/07,Interest Earned at 3.50%,0.09,Interest,Discovery Credit Card
2023/09/06,ENGEN BBQ DOWNS Kyalami Estat,-833.16,Fuel,Discovery Credit Card
2023/09/06,BACK TO BACK SALON MIDRAND,-1050.0,Unknown,Discovery Credit Card
2023/09/05,MR D FOOD CAPE TOWN,-529.8,Eating Out,Discovery Credit Card
2023/09/04,WOOLWORTHS SANDTON,-611.89,Groceries,Discovery Credit Card
2023/09/03,Mall of Africa MIDRAND,-10.0,Unknown,Discovery Credit Card
2023/09/03,EL AND N MALL OF AFRICA MIDRAND,-900.0,Unknown,Discovery Credit Card
2023/09/03,Checkers Sixty60,-2100.64,Groceries,Discovery Credit Card
2023/09/03,Checkers Sixty60 Tip,-10.0,Groceries,Discovery Credit Card
2023/09/03,Uber,-153.0,???,Discovery Credit Card
2023/09/03,UBER SA help.uber.com JOHANNESBURG,-133.6,Transport,Discovery Credit Card
2023/09/02,UBER SA help.uber.com JOHANNESBURG,-115.0,Transport,Discovery Credit Card
2023/09/02,MR D FOOD CAPE TOWN,-170.87,Eating Out,Discovery Credit Card
2023/09/02,DISCINSURE4003608219-282573639,-1107.95,Insurance,Discovery Credit Card
2023/09/01,DISCLIFE  5131036607-282248973,-2234.63,Investment,Discovery Credit Card
2023/09/01,TIGERS MILK MELROSE ARCH JOHANNESBURG,-985.0,Unknown,Discovery Credit Card
2023/09/01,TIGERS MILK MELROSE ARCH JOHANNESBURG,-222.0,Unknown,Discovery Credit Card
2023/09/01,Uber,-77.0,???,Discovery Credit Card
2023/08/31,CR CARD PAYMENT,15000.0,Transfer,Discovery Credit Card
2023/08/30,KARABO - GRAND CENTRAL PRETORIA,-55.0,Unknown,Discovery Credit Card
2023/08/30,Yoco   *Bona Bona Game Klerksdorp,-200.0,Unknown,Discovery Credit Card
2023/08/29,SuperSpar Sunninghill SUNNINGHILL,-225.54,Groceries,Discovery Credit Card
2023/08/29,MOCHACHOS SANDTON,-204.6,Eating Out,Discovery Credit Card
2023/08/29,DAD'S AND LAD'S BARBER JOHANNESBURG,-200.0,Unknown,Discovery Credit Card
2023/08/28,OCEAN BASKET MELROSE AR JOHANNESBURG,-170.0,Unknown,Discovery Credit Card
2023/08/27,Kings Kloof Trails SOMERSET WEST,-75.0,Unknown,Discovery Credit Card
2023/08/27,Checkers Sixty60,-1010.46,Groceries,Discovery Credit Card
2023/08/27,Checkers Sixty60 Tip,-10.0,Groceries,Discovery Credit Card
2023/08/27,Uber,-94.0,???,Discovery Credit Card
2023/08/27,MR D FOOD,-547.35,Eating Out,Discovery Credit Card
2023/08/27,WOOLWORTHS JOHANNESBURG,-390.92,Groceries,Discovery Credit Card
2023/08/25,Melrose Flower Market MELROSE ARCH,-195.0,Unknown,Discovery Credit Card
2023/08/24,FLM Waterfall Ridge MIDRAND,-179.94,Groceries,Discovery Credit Card
2023/08/24,BP MELROSE JOHANNESBURG,-246.38,Fuel,Discovery Credit Card
2023/08/24,Yoco   *The Green Room Randburg,-500.0,Unknown,Discovery Credit Card
2023/08/23,INSURE ACT4003608219-281763822,-150.0,Insurance,Discovery Credit Card
2023/08/22,DISCINSURE4003608219-281760202,-393.58,Insurance,Discovery Credit Card
2023/08/22,WOOLWORTHS SANDTON,-481.9,Groceries,Discovery Credit Card
2023/08/21,WEST PACK LIFESTYLE WA VORNA VALLEY,-881.7,Unknown,Discovery Credit Card
2023/08/21,WEST PACK LIFESTYLE WA VORNA VALLEY,-148.2,Unknown,Discovery Credit Card
2023/08/21,Game Mall Of Africa GAUTENG,-2299.0,Unknown,Discovery Credit Card
2023/08/21,Uber,-42.0,???,Discovery Credit Card
2023/08/21,Total Campbells C GP,-536.4,Unknown,Discovery Credit Card
2023/08/21,KRISPY KREME MALL OF AFRI MIDRAND,-119.9,Eating Out,Discovery Credit Card
2023/08/20,MCD Mall of Africa(518CA GAUTENG,-182.5,Eating Out,Discovery Credit Card
2023/08/20,Checkers Sixty60,-1264.81,Groceries,Discovery Credit Card
2023/08/20,Checkers Sixty60 Tip,-10.0,Groceries,Discovery Credit Card
2023/08/20,UKKO RESTAURANT SANDTON,-900.0,Unknown,Discovery Credit Card
2023/08/20,UKKO RESTAURANT SANDTON,-215.0,Unknown,Discovery Credit Card
2023/08/20,Uber,-127.0,???,Discovery Credit Card
2023/08/20,TOYS R US MALL OF AFRI JOHANNESBURG,-2542.7,Kids,Discovery Credit Card
2023/08/20,WOLF BROS Halfway House,-750.0,Unknown,Discovery Credit Card
2023/08/20,WOLF BROS Halfway House,-300.0,Unknown,Discovery Credit Card
2023/08/20,Checkers Mall of Afric MIDRAND,-251.06,Groceries,Discovery Credit Card
2023/08/20,TLC MIDRAND Centurion,-435.38,Unknown,Discovery Credit Card
2023/08/20,Yoco   *LEGO Store  Ma Midrand,-2006.0,Unknown,Discovery Credit Card
2023/08/20,UBER SA help.uber.com JOHANNESBURG,-141.0,Transport,Discovery Credit Card
2023/08/19,SuperSpar Vorna Valley Western Cape,-295.43,Groceries,Discovery Credit Card
2023/08/19,Tops Vorna Valley Gauteng,-599.98,Unknown,Discovery Credit Card
2023/08/18,UBER SA help.uber.com JOHANNESBURG,-31.8,Transport,Discovery Credit Card
2023/08/18,UBER SA help.uber.com JOHANNESBURG,-30.4,Transport,Discovery Credit Card
2023/08/18,MR D FOOD,-218.39,Eating Out,Discovery Credit Card
2023/08/18,LiquorShop Rosebank Ma ROSEBANK,-999.99,Unknown,Discovery Credit Card
2023/08/18,OLIVES WATERFALL CLUB Midrand,-170.0,Unknown,Discovery Credit Card
2023/08/18,WOOLWORTHS ROSEBANK,-70.0,Groceries,Discovery Credit Card
2023/08/18,MR PRICE APPAREL ROSEBANK,-582.25,Unknown,Discovery Credit Card
2023/08/17,DISC INVT 1110509344-281732294,-600.0,Investment,Discovery Credit Card
2023/08/16,FLM Waterfall Ridge MIDRAND,-734.37,Groceries,Discovery Credit Card
2023/08/15,Total Campbells C GP,-500.0,Unknown,Discovery Credit Card
2023/08/15,POSTNET MELROSE ARCH JOHANNESBURG,-120.0,Unknown,Discovery Credit Card
2023/08/15,YUNG CHEN TAKEAWAYS BIRNAM,-209.0,Eating Out,Discovery Credit Card
2023/08/14,SuperSpar Vorna Valley Western Cape,-203.07,Groceries,Discovery Credit Card
2023/08/14,BP MELROSE JOHANNESBURG,-780.0,Fuel,Discovery Credit Card
2023/08/13,Checkers Sixty60,-918.94,Groceries,Discovery Credit Card
2023/08/13,Mall of Africa MIDRAND,-10.0,Unknown,Discovery Credit Card
2023/08/13,CASA BELLA MALL OF AFRICA MIDRAND,-600.0,Unknown,Discovery Credit Card
2023/08/13,Checkers Sixty60 Tip,-10.0,Groceries,Discovery Credit Card
2023/08/13,Yoco   *Fairy Wing Ent Pretoria,-420.0,Unknown,Discovery Credit Card
2023/08/11,CR CARD PAYMENT,27000.0,Transfer,Discovery Credit Card
2023/08/10,Returned debit order fee,-10.0,Bank Fees,Discovery Credit Card
2023/08/10,FIRSTRAND BANK,600.0,Unknown,Discovery Credit Card
2023/08/10,DISC INVT 1110509344-281665328,-600.0,Investment,Discovery Credit Card
2023/08/10,FLM Waterfall Ridge MIDRAND,-332.39,Groceries,Discovery Credit Card
2023/08/10,https://www.uber.com/z JOHANNESBURG,-71.0,Unknown,Discovery Credit Card
2023/08/09,CRADLE VALLEY GUESTHOUSE MULDERSDRIFT,-700.0,Unknown,Discovery Credit Card
2023/08/08,WOOLWORTHS SANDTON,-302.96,Groceries,Discovery Credit Card
2023/08/08,BLUEBERRY BEACON MORNI Gallo Manor,-450.0,Unknown,Discovery Credit Card
2023/08/08,FLM Morning Glen SANDTON,-390.5,Unknown,Discovery Credit Card
2023/08/07,WOOLWORTHS SANDTON,-251.95,Groceries,Discovery Credit Card
2023/08/07,Checkers Sixty60,-359.03,Groceries,Discovery Credit Card
2023/08/07,Checkers Sixty60 Tip,-10.0,Groceries,Discovery Credit Card
2023/08/07,Clicks Melrose Arch MELROSE ARCH,-731.82,Pharma,Discovery Credit Card
2023/08/07,Dynamic interest cashback at 7.00%,9.69,Unknown,Discovery Credit Card
2023/08/07,Monthly Account fee,-100.0,Bank Fees,Discovery Credit Card
2023/08/07,Vitality Money Premium,-40.0,Bank Fees,Discovery Credit Card
2023/08/07,Credit Service Fee,-69.0,Bank Fees,Discovery Credit Card
2023/08/07,Interest Charged at 22.25%,-30.81,Interest,Discovery Credit Card
2023/08/06,Mall of Africa MIDRAND,-10.0,Unknown,Discovery Credit Card
2023/08/06,CASA BELLA MALL OF AFRICA MIDRAND,-1100.0,Unknown,Discovery Credit Card
2023/08/05,Checkers Sixty60,-824.91,Groceries,Discovery Credit Card
2023/08/05,Checkers Sixty60 Tip,-10.0,Groceries,Discovery Credit Card
2023/08/04,PnP Fam Midway Mews CLAREMONT,-145.0,Groceries,Discovery Credit Card
2023/08/04,MCD Waterfall (0677) MidRand,-190.9,Eating Out,Discovery Credit Card
2023/08/04,CHICKEN LICKE MIDWAY MEWS GAUTENG,-330.0,Eating Out,Discovery Credit Card
2023/08/04,CHICKEN LICKE MIDWAY MEWS GAUTENG,-18.0,Eating Out,Discovery Credit Card
2023/08/03,SERVEST PARKING WATERFALL GAUTENG,-8.0,Unknown,Discovery Credit Card
2023/08/03,ENGEN BBQ DOWNS Kyalami Estat,-103.6,Fuel,Discovery Credit Card
2023/08/03,ENGEN BBQ DOWNS Kyalami Estat,-685.81,Fuel,Discovery Credit Card
2023/08/03,Yoco   *Dr NP Ramdhar Johannesburg,-1300.0,Unknown,Discovery Credit Card
2023/08/02,THE ROCK KYALANI CNR MIDRAND,-590.0,Unknown,Discovery Credit Card
2023/08/01,DISCLIFE  5131036607-280624735,-2234.63,Investment,Discovery Credit Card
2023/08/01,DISCINSURE4000999536-280812077,-2303.5,Insurance,Discovery Credit Card
2023/08/01,Checkers Sixty60,-453.88,Groceries,Discovery Credit Card
2023/08/01,Checkers Sixty60 Tip,-10.0,Groceries,Discovery Credit Card
2023/07/30,HAIR CITY.... BIRNAM,-3140.0,Unknown,Discovery Credit Card
2023/07/30,Checkers Sixty60,-1577.99,Groceries,Discovery Credit Card
2023/07/30,Checkers Sixty60 Tip,-10.0,Groceries,Discovery Credit Card
2023/07/30,Total Campbells C GP,-275.95,Unknown,Discovery Credit Card
2023/07/30,CASA BELLA MALL OF AFRICA MIDRAND,-830.0,Unknown,Discovery Credit Card
2023/07/29,The Magic Company - MoTEC FOURWAYS,-100.0,Unknown,Discovery Credit Card
2023/07/29,The Magic Company - MoTEC FOURWAYS,-50.0,Unknown,Discovery Credit Card
2023/07/29,The Magic Company LazeR M FOURWAYS,-400.0,Unknown,Discovery Credit Card
2023/07/29,CANDYLICIOUS MONTE CAS Johannesburg,-118.0,Unknown,Discovery Credit Card
2023/07/29,KFC Montecasino  65992 Johannesburg,-41.8,Unknown,Discovery Credit Card
2023/07/29,THE MAGI51000002208401 FOURWAYS,-40.0,Unknown,Discovery Credit Card
2023/07/28,FLM WATERFALL RIDGE PRETORIA,-600.0,Groceries,Discovery Credit Card
2023/07/28,PAYFAST*The Courier Gu,-165.03,Service,Discovery Credit Card
2023/07/27,Total Campbells C GP,-119.9,Unknown,Discovery Credit Card
2023/07/27,Total Campbells C GP,-271.1,Unknown,Discovery Credit Card
2023/07/25,FLM Waterfall Ridge MIDRAND,-411.71,Groceries,Discovery Credit Card
2023/07/24,WOOLWORTHS SANDTON,-1065.29,Groceries,Discovery Credit Card
2023/07/22,Checkers Mall of Afric MIDRAND,-1287.04,Groceries,Discovery Credit Card
2023/07/22,LiquorShop Mall Africa MIDRAND,-1602.07,Unknown,Discovery Credit Card
2023/07/21,Nandos Waterfall Dr 2 MIDRAND,-223.0,Eating Out,Discovery Credit Card
2023/07/20,CR CARD PAYMENT,26683.0,Transfer,Discovery Credit Card
2023/07/15,SuperSpar Vorna Valley Western Cape,-342.97,Groceries,Discovery Credit Card
2023/07/15,MCD Waterfall (0677) MidRand,-205.4,Eating Out,Discovery Credit Card
2023/07/15,Tops Vorna Valley Gauteng,-825.93,Unknown,Discovery Credit Card
2023/07/14,MCD Waterfall (0677) MidRand,-160.9,Eating Out,Discovery Credit Card
2023/07/14,MABU RESTAURANT MIDRAND,-230.0,Unknown,Discovery Credit Card
2023/07/13,Total Campbells C GP,-294.9,Unknown,Discovery Credit Card
2023/07/13,Total Campbells C GP,-200.0,Unknown,Discovery Credit Card
2023/07/12,DECOR HOUSE - ALBERTON ALBERTON,-887.5,Unknown,Discovery Credit Card
2023/07/12,PnP Crp Chilli Lane SUNNINGHILL,-46.47,Unknown,Discovery Credit Card
2023/07/12,GOLDEN ROSE Johannesburg,-350.7,Eating Out,Discovery Credit Card
2023/07/12,CHILLILANE SCENT AND S Johannesburg,-440.0,Unknown,Discovery Credit Card
2023/07/11,MCD Waterfall (0677) MidRand,-223.9,Eating Out,Discovery Credit Card
2023/07/11,LORY PARK ZOO Halfway House,-20.0,Unknown,Discovery Credit Card
2023/07/11,LORY PARK ZOO Halfway House,-56.0,Unknown,Discovery Credit Card
2023/07/11,LORY PARK ZOO MIDRAND,-300.0,Unknown,Discovery Credit Card
2023/07/10,Checkers Mall of Afric MIDRAND,-2642.47,Groceries,Discovery Credit Card
2023/07/10,Ackermans Midrand Mall GP,-74.95,Unknown,Discovery Credit Card
2023/07/10,HIRSCHS WATERFALL DURBAN NORTH,-4199.98,Unknown,Discovery Credit Card
2023/07/10,Mall of Africa MIDRAND,-10.0,Unknown,Discovery Credit Card
2023/07/10,Total Campbells C GP,-275.95,Unknown,Discovery Credit Card
2023/07/10,MCD Mall of Africa(518CA GAUTENG,-80.0,Eating Out,Discovery Credit Card
2023/07/08,SERVEST PARKING WATERFALL GAUTENG,-12.0,Unknown,Discovery Credit Card
2023/07/08,Clicks Magwa Cres NCCLLL MIDRAND,-195.17,Pharma,Discovery Credit Card
2023/07/08,MCD Waterfall (0677) MidRand,-51.5,Eating Out,Discovery Credit Card
2023/07/07,Intl payment fee SKY RESTAURANT,-11.4,Bank Fees,Discovery Credit Card
2023/07/07,Intl payment fee SKY RESTAURANT,-2.4,Bank Fees,Discovery Credit Card
2023/07/07,ENGEN VAAL 1 STOP E W Villiers,-111.4,Unknown,Discovery Credit Card
2023/07/07,TOP RED SERVICE STATIO Bethlehem,-1597.45,Unknown,Discovery Credit Card
2023/07/07,SKY RESTAURANT BUTHA-BUTHE 570.00 ZAR,-570.0,Unknown,Discovery Credit Card
2023/07/07,SKY RESTAURANT BUTHA-BUTHE 120.00 ZAR,-120.0,Unknown,Discovery Credit Card
2023/07/07,Dynamic interest cashback at 3.00%,1.34,Unknown,Discovery Credit Card
2023/07/07,Monthly Account fee,-100.0,Bank Fees,Discovery Credit Card
2023/07/07,Vitality Money Premium,-40.0,Bank Fees,Discovery Credit Card
2023/07/07,Credit Service Fee,-69.0,Bank Fees,Discovery Credit Card
2023/07/07,Interest Charged at 22.25%,-9.91,Interest,Discovery Credit Card
2023/07/06,Intl payment fee RECEPTION,-1.6,Bank Fees,Discovery Credit Card
2023/07/06,Intl payment fee SKY RESTAURANT,-6.0,Bank Fees,Discovery Credit Card
2023/07/06,Intl payment fee SKY RESTAURANT,-12.92,Bank Fees,Discovery Credit Card
2023/07/06,Intl payment fee SKY RESTAURANT,-1.6,Bank Fees,Discovery Credit Card
2023/07/06,SKY RESTAURANT BUTHA-BUTHE 300.00 ZAR,-300.0,Unknown,Discovery Credit Card
2023/07/06,SKY RESTAURANT BUTHA-BUTHE 646.00 ZAR,-646.0,Unknown,Discovery Credit Card
2023/07/06,SKY RESTAURANT BUTHA-BUTHE 80.00 ZAR,-80.0,Unknown,Discovery Credit Card
2023/07/06,RECEPTION BUTHA-BUTHE 80.00 ZAR,-80.0,Unknown,Discovery Credit Card
2023/07/05,Intl payment fee RECEPTION,-13.58,Bank Fees,Discovery Credit Card
2023/07/05,RECEPTION BUTHA-BUTHE 679.00 ZAR,-679.0,Unknown,Discovery Credit Card
2023/07/04,Intl payment fee RECEPTION,-4.7,Bank Fees,Discovery Credit Card
2023/07/04,Intl payment fee SKY RESTAURANT,-4.86,Bank Fees,Discovery Credit Card
2023/07/04,Intl payment fee SKY RESTAURANT,-12.0,Bank Fees,Discovery Credit Card
2023/07/04,SKY RESTAURANT BUTHA-BUTHE 243.00 ZAR,-243.0,Unknown,Discovery Credit Card
2023/07/04,SKY RESTAURANT BUTHA-BUTHE 600.00 ZAR,-600.0,Unknown,Discovery Credit Card
2023/07/04,RECEPTION BUTHA-BUTHE 235.00 ZAR,-235.0,Unknown,Discovery Credit Card
2023/07/03,LESOTHO REVENUE AUTHORITY MASERU 80.00 ZAR,-80.0,Transport,Discovery Credit Card
2023/07/03,Intl payment fee SKY RESTAURANT,-15.4,Bank Fees,Discovery Credit Card
2023/07/03,Total Heidelburg East CWC,-145.5,Unknown,Discovery Credit Card
2023/07/03,ENGEN VAAL 1 STOP Villiers,-45.4,Unknown,Discovery Credit Card
2023/07/03,ENGEN VAAL 1 STOP Villiers,-181.5,Unknown,Discovery Credit Card
2023/07/03,PETROPORT N3 EAST NR1 JOHANNESBURG,-1363.7,Unknown,Discovery Credit Card
2023/07/03,SHELL HOSPITAL Bethlehem,-671.98,Unknown,Discovery Credit Card
2023/07/03,SKY RESTAURANT BUTHA-BUTHE 770.00 ZAR,-770.0,Unknown,Discovery Credit Card
2023/07/03,DE HOEK TOLL PLAZA Heidelberg,-60.0,Transport,Discovery Credit Card
2023/07/03,INT PBACK 5131036607-241506873,2742.83,Uncatagorised,Discovery Credit Card
2023/07/02,ANAT MALL OF AFRICA KEW,-22.1,Unknown,Discovery Credit Card
2023/07/02,Total Petro N14 North CGP,-46.5,Unknown,Discovery Credit Card
2023/07/02,HOWLER Johannesburg,-40.0,Unknown,Discovery Credit Card
2023/07/02,HOWLER Johannesburg,-60.0,Unknown,Discovery Credit Card
2023/07/02,HOWLER Johannesburg,-350.0,Unknown,Discovery Credit Card
2023/07/02,HOWLER Johannesburg,-280.0,Unknown,Discovery Credit Card
2023/07/02,HOWLER Johannesburg,-195.0,Unknown,Discovery Credit Card
2023/07/01,YASONG- OLIVE GARDEN MIDRAND,-443.0,Unknown,Discovery Credit Card
2023/07/01,Checkers Sixty60,-837.58,Groceries,Discovery Credit Card
2023/07/01,Checkers Sixty60 Tip,-10.0,Groceries,Discovery Credit Card
2023/07/01,DISCINSURE4000999536-279118625,-2303.5,Insurance,Discovery Credit Card
2023/07/01,DISCLIFE  5131036607-278867482,-2234.63,Investment,Discovery Credit Card
2023/06/28,WOOLWORTHS JOHANNESBURG,-643.86,Groceries,Discovery Credit Card
2023/06/28,BP MAXWELL DRIVE Midrand,-181.5,Unknown,Discovery Credit Card
2023/06/27,CR CARD PAYMENT,24783.0,Transfer,Discovery Credit Card
2023/06/26,WOOLWORTHS SANDTON,-491.4,Groceries,Discovery Credit Card
2023/06/24,YUNG CHEN TAKEAWAYS BIRNAM,-276.0,Eating Out,Discovery Credit Card
2023/06/21,Nandos Waterfall Dr 2 MIDRAND,-313.0,Eating Out,Discovery Credit Card
2023/06/20,PLUSH CARWASH JOHANNESBURG,-320.0,Unknown,Discovery Credit Card
2023/06/20,WOOLWORTHS SANDTON,-310.92,Groceries,Discovery Credit Card
2023/06/18,Checkers Sixty60 Tip,-10.0,Groceries,Discovery Credit Card
2023/06/18,HARRIES PANCAKE BAR GRASKOP,-498.0,Unknown,Discovery Credit Card
2023/06/18,CHICKEN LICKE MIDWAY MEWS GAUTENG,-294.0,Eating Out,Discovery Credit Card
2023/06/18,Checkers Sixty60,-1299.98,Groceries,Discovery Credit Card
2023/06/18,SASOL N4 ROSEHAVEN SOU Bronkhorstspr,-278.25,Unknown,Discovery Credit Card
2023/06/18,SASOL N4 ROSEHAVEN SOU Bronkhorstspr,-1654.7,Unknown,Discovery Credit Card
2023/06/17,HARRIES PANCAKE BAR GRASKOP,-650.0,Unknown,Discovery Credit Card
2023/06/17,MAYFLY RESTAURANT DULLSTROOM,-250.0,Unknown,Discovery Credit Card
2023/06/17,LEBAMBA 10000000118529 Dullstroom,-292.1,Unknown,Discovery Credit Card
2023/06/17,WILD ABOUT WHISKY Dullstroom,-400.0,Unknown,Discovery Credit Card
2023/06/13,WOOLWORTHS SANDTON,-85.98,Groceries,Discovery Credit Card
2023/06/11,Checkers Sixty60,-1862.01,Groceries,Discovery Credit Card
2023/06/11,Checkers Sixty60 Tip,-10.0,Groceries,Discovery Credit Card
2023/06/10,KRISPY KREME - MALL OFFRI MIDRAND,-143.9,Eating Out,Discovery Credit Card
2023/06/09,CHICKEN LICKE MIDWAY MEWS GAUTENG,-393.0,Eating Out,Discovery Credit Card
2023/06/08,WOOLWORTHS SANDTON,-307.93,Groceries,Discovery Credit Card
2023/06/08,YUNG CHEN TAKEAWAYS BIRNAM,-68.0,Eating Out,Discovery Credit Card
2023/06/07,Monthly Account fee,-100.0,Bank Fees,Discovery Credit Card
2023/06/07,Vitality Money Premium,-40.0,Bank Fees,Discovery Credit Card
2023/06/07,Credit Service Fee,-69.0,Bank Fees,Discovery Credit Card
2023/06/06,BP MAXWELL DRIVE MIDRAND,-205.0,Unknown,Discovery Credit Card
2023/06/05,SuperSpar Vorna Valley Western Cape,-165.1,Groceries,Discovery Credit Card
2023/06/04,Checkers Sixty60,-1726.36,Groceries,Discovery Credit Card
2023/06/04,Checkers Sixty60 Tip,-10.0,Groceries,Discovery Credit Card
2023/06/03,Yoco   *Fairy Wing Ent Pretoria,-420.0,Unknown,Discovery Credit Card
2023/06/03,Yoco   *Fairy Wing Ent Pretoria,-220.0,Unknown,Discovery Credit Card
2023/06/03,Yoco   *Fairywings Sna Pretoria,-120.0,Unknown,Discovery Credit Card
2023/06/03,KRISPY KREME - MALL OFFRI MIDRAND,-65.8,Eating Out,Discovery Credit Card
2023/06/03,CASA BELLA MALL OF AFRICA MIDRAND,-750.0,Unknown,Discovery Credit Card
2023/06/02,Fireroom Mall of AfricCA MIDRAND,-570.0,Unknown,Discovery Credit Card
2023/06/02,KRISPY KREME MALL OF AFRI MIDRAND,-120.7,Eating Out,Discovery Credit Card
2023/06/02,CHICKEN LICKEN MALL OF Halfway House,-169.0,Unknown,Discovery Credit Card
2023/06/01,DISCLIFE  5131036607-276879720,-1995.19,Investment,Discovery Credit Card
2023/06/01,DISCINSURE4000999536-277419658,-2303.5,Insurance,Discovery Credit Card
2023/06/01,Debit order repayment - DSY Card,20606.85,Unknown,Discovery Credit Card
2023/05/28,Checkers Sixty60,-1211.38,Groceries,Discovery Credit Card
2023/05/28,Checkers Sixty60 Tip,-10.0,Groceries,Discovery Credit Card
2023/05/22,Nandos Waterfall Dr 2 MIDRAND,-294.0,Eating Out,Discovery Credit Card
2023/05/21,Checkers Sixty60,-1515.53,Groceries,Discovery Credit Card
2023/05/21,Checkers Sixty60 Tip,-10.0,Groceries,Discovery Credit Card
2023/05/20,CHICKEN LICKEN FOURWAY Johannesburg,-456.0,Unknown,Discovery Credit Card
2023/05/17,SuperSpar Carlswald MIDRAND,-349.52,Groceries,Discovery Credit Card
2023/05/16,WOOLWORTHS JOHANNESBURG,-607.44,Groceries,Discovery Credit Card
2023/05/11,HEROKU* APR-81377075 WWW.HEROKU.CO 6.00 USD,-116.61,Study Buddy,Discovery Credit Card
2023/05/08,WOOLWORTHS SANDTON,-340.41,Groceries,Discovery Credit Card
2023/05/07,Checkers Sixty60,-1370.8,Groceries,Discovery Credit Card
2023/05/07,Checkers Sixty60 Tip,-10.0,Groceries,Discovery Credit Card
2023/05/07,Dynamic interest cashback at 2.00%,28.87,Unknown,Discovery Credit Card
2023/05/07,Monthly Account fee,-100.0,Bank Fees,Discovery Credit Card
2023/05/07,Vitality Money Premium,-40.0,Bank Fees,Discovery Credit Card
2023/05/07,Credit Service Fee,-69.0,Bank Fees,Discovery Credit Card
2023/05/07,Interest Charged at 21.75%,-313.98,Interest,Discovery Credit Card
2023/05/06,COMPUTICKET WEB,-250.0,Entertainment,Discovery Credit Card
2023/05/04,PIZZA PERFECT VORNA VA VORNA VALLEY,-392.0,Unknown,Discovery Credit Card
2023/05/02,DISCLIFE  5131036607-275692754,-1995.19,Investment,Discovery Credit Card
2023/05/02,DISCINSURE4000999536-275958692,-2105.94,Insurance,Discovery Credit Card
2023/05/02,SuperSpar Vorna Valley Western Cape,-317.87,Groceries,Discovery Credit Card
2023/05/02,Debit order repayment - DSY Card,11702.86,Unknown,Discovery Credit Card
2023/04/29,HPY*BRIDAL SA DRESS DE JOHANNESBURG,-50.0,Unknown,Discovery Credit Card
2023/04/29,WORLD OF SAMOOSAS Johannesburg,-25.0,Unknown,Discovery Credit Card
2023/04/29,WORLD OF SAMOOSAS Johannesburg,-48.0,Unknown,Discovery Credit Card
2023/04/29,TANGY DELIGHTS * FORDSBURG,-37.0,Unknown,Discovery Credit Card
2023/04/29,BILQIS ORIENTAL PLAZ,-100.0,Unknown,Discovery Credit Card
2023/04/28,SuperSpar Vorna Valley Western Cape,-155.98,Groceries,Discovery Credit Card
2023/04/27,LORY PARK ZOO MIDRAND,-300.0,Unknown,Discovery Credit Card
2023/04/27,LORY PARK ZOO Halfway House,-165.0,Unknown,Discovery Credit Card
2023/04/27,FLM Waterfall Ridge MIDRAND,-91.93,Groceries,Discovery Credit Card
2023/04/26,Paycity Business,-211.5,Unknown,Discovery Credit Card
2023/04/25,WOOLWORTHS SANDTON,-140.16,Groceries,Discovery Credit Card
2023/04/25,CHEGG  ORDER 159.00 ZAR,-159.0,Study Buddy,Discovery Credit Card
2023/04/23,Checkers Sixty60,-927.81,Groceries,Discovery Credit Card
2023/04/23,Checkers Sixty60 Tip,-10.0,Groceries,Discovery Credit Card
2023/04/23,MONTE CASINO PARKING FOURWAYS,-20.0,Unknown,Discovery Credit Card
2023/04/23,MILKY LANE MONTE CASIN FOURWAYS,-180.0,Unknown,Discovery Credit Card
2023/04/23,The Magic Company LazeR M FOURWAYS,-100.0,Unknown,Discovery Credit Card
2023/04/23,SuperSpar Vorna Valley Western Cape,-110.81,Groceries,Discovery Credit Card
2023/04/22,ENGEN HURLINGHAM COURT Johannesburg,-336.9,Unknown,Discovery Credit Card
2023/04/22,ENGEN HURLINGHAM COURT Johannesburg,-500.0,Unknown,Discovery Credit Card
2023/04/22,CURRY ME HOME Four Ways,-300.0,Unknown,Discovery Credit Card
2023/04/22,Spar Kingfisher FOURWAYS,-103.16,Unknown,Discovery Credit Card
2023/04/21,PnP Exp Melrose Arch JOHANNESBURG,-118.1,Unknown,Discovery Credit Card
2023/04/21,BP MELROSE CONVENIENC * JOHANNESBURG,-304.23,Fuel,Discovery Credit Card
2023/04/20,CHICKEN LICKE MIDWAY MEWS GAUTENG,-388.0,Eating Out,Discovery Credit Card
2023/04/20,SERVEST PARKING WATERFALL GAUTENG,-8.0,Unknown,Discovery Credit Card
2023/04/19,Total Campbells C GP,-1834.4,Unknown,Discovery Credit Card
2023/04/18,WOOLWORTHS SANDTON,-369.29,Groceries,Discovery Credit Card
2023/04/16,Checkers Sixty60,-887.82,Groceries,Discovery Credit Card
2023/04/16,Checkers Sixty60 Tip,-10.0,Groceries,Discovery Credit Card
2023/04/16,MCD Waterfall (0677) MidRand,-151.0,Eating Out,Discovery Credit Card
2023/04/15,CRADLE VALLEY GUESTHOUSE MULDERSDRIFT,-120.0,Unknown,Discovery Credit Card
2023/04/15,Total Petro N14 South CGP,-500.0,Unknown,Discovery Credit Card
2023/04/14,HUDDLE PARK GOLF RECREATI JOHANNESBURG,-90.0,Unknown,Discovery Credit Card
2023/04/14,BASELINE RACQUETS PRETORIA,-1000.0,Unknown,Discovery Credit Card
2023/04/14,FLM Waterfall Ridge MIDRAND,-226.96,Groceries,Discovery Credit Card
2023/04/14,PIECE A PIZZA E   96231 KEMPTON PARK,-340.0,Unknown,Discovery Credit Card
2023/04/12,DR VINOLA NAIDOO INC PRETORIA,-1300.0,Healthcare,Discovery Credit Card
2023/04/10,HEROKU* MAR-80265047 WWW.HEROKU.CO 10.28 USD,-193.43,Study Buddy,Discovery Credit Card
2023/04/08,WEST PACK LIFESTYLE WA VORNA VALLEY,-1697.1,Unknown,Discovery Credit Card
2023/04/08,PIZZA PERFECT VORNA VA VORNA VALLEY,-336.0,Unknown,Discovery Credit Card
2023/04/07,Checkers Sixty60,-1139.9,Groceries,Discovery Credit Card
2023/04/07,Checkers Sixty60 Tip,-10.0,Groceries,Discovery Credit Card
2023/04/07,Dynamic interest cashback adjustment at 2.00%,29.6,Unknown,Discovery Credit Card
2023/04/07,Dynamic interest cashback at Dynamic interest cash,44.74,Unknown,Discovery Credit Card
2023/04/07,Monthly Account fee,-100.0,Bank Fees,Discovery Credit Card
2023/04/07,Vitality Money Premium,-40.0,Bank Fees,Discovery Credit Card
2023/04/07,Credit Service Fee,-69.0,Bank Fees,Discovery Credit Card
2023/04/07,Excess Interest charged at 21.25%-21.75%,-23.91,Interest,Discovery Credit Card
2023/04/07,Interest Charged at 21.25%-21.75%,-477.71,Interest,Discovery Credit Card
2023/04/06,CR CARD PAYMENT,25000.0,Transfer,Discovery Credit Card
2023/04/05,UBER SA help.uber.com JOHANNESBURG,-117.0,Transport,Discovery Credit Card
2023/04/02,Nandos Waterfall Dr 2 MIDRAND,-430.0,Eating Out,Discovery Credit Card
2023/04/02,Checkers Mall of Afric MIDRAND,-3076.73,Groceries,Discovery Credit Card
2023/04/02,Ackermans Midrand Mall GP,-639.7,Unknown,Discovery Credit Card
2023/04/02,Jet Mall Of Africa GP,-79.99,Unknown,Discovery Credit Card
2023/04/02,WASABI MALL OF AFRICA Midrand,-530.0,Unknown,Discovery Credit Card
2023/04/01,Insufficient Funds,-20604.63,Unknown,Discovery Credit Card
2023/04/01,DISCINSURE4000999536-274201260,-2105.94,Insurance,Discovery Credit Card
2023/04/01,DISCLIFE  5131036607-274074624,-1995.19,Investment,Discovery Credit Card
2023/04/01,Debit order repayment - DSY Card,20604.63,Unknown,Discovery Credit Card
2023/03/27,CANNA KINGDOM MALIBONG Ferndale,-80.0,Unknown,Discovery Credit Card
2023/03/12,UBER SA help.uber.com JOHANNESBURG,-232.0,Transport,Discovery Credit Card
2023/03/12,UBER SA help.uber.com JOHANNESBURG,-149.6,Transport,Discovery Credit Card
2023/03/11,Fireroom Mall of AfricCA MIDRAND,-165.0,Unknown,Discovery Credit Card
2023/03/11,Dischem Mall of Africa MIDRAND,-99.95,Pharma,Discovery Credit Card
2023/03/11,Total Campbells C GP,-112.75,Unknown,Discovery Credit Card
2023/03/08,FLM Waterfall Ridge MIDRAND,-287.87,Groceries,Discovery Credit Card
2023/03/08,BP MELROSE JOHANNESBURG,-200.0,Fuel,Discovery Credit Card
2023/03/07,SORBET MALL OF AFRICA Halfway House,-1530.0,Self Care,Discovery Credit Card
2023/03/07,PAUL MELROSE     110847 JOHANNESBURG,-230.0,Unknown,Discovery Credit Card
2023/03/07,UBER SA help.uber.com JOHANNESBURG,-41.0,Transport,Discovery Credit Card
2023/03/07,Monthly Account fee,-100.0,Bank Fees,Discovery Credit Card
2023/03/07,Vitality Money Premium,-40.0,Bank Fees,Discovery Credit Card
2023/03/07,Credit Service Fee,-69.0,Bank Fees,Discovery Credit Card
2023/03/07,Interest charged at 21.25%,-314.49,Unknown,Discovery Credit Card
2023/03/06,UBER SA help.uber.com JOHANNESBURG,-173.0,Transport,Discovery Credit Card
2023/03/05,HAIR CITY.... BIRNAM,-3000.0,Unknown,Discovery Credit Card
2023/03/05,SuperSpar Sunninghill SUNNINGHILL,-36.58,Groceries,Discovery Credit Card
2023/03/05,SuperSpar Sunninghill SUNNINGHILL,-639.06,Groceries,Discovery Credit Card
2023/03/05,SMILEY GADGETS AND PAR Boksburg,-100.0,Unknown,Discovery Credit Card
2023/03/05,OASIS WATER SUNNINGHIL Sunninghill,-50.0,Unknown,Discovery Credit Card
2023/03/05,UBER SA help.uber.com JOHANNESBURG,-128.8,Transport,Discovery Credit Card
2023/03/05,UBER SA help.uber.com JOHANNESBURG,-36.0,Transport,Discovery Credit Card
2023/03/05,Streetbar JOHANNESBURG,-200.0,Unknown,Discovery Credit Card
2023/03/04,SORBET MALL OF AFRICA Halfway House,-595.0,Self Care,Discovery Credit Card
2023/03/04,Dischem Mall of Africa MIDRAND,-2439.55,Pharma,Discovery Credit Card
2023/03/04,V113-EDG MOA STD BANK THOHOYANDOU,-675.0,Unknown,Discovery Credit Card
2023/03/04,CASA DAS NATAS MALL OF JOHANNESBURG,-87.0,Eating Out,Discovery Credit Card
2023/03/04,Checkers Mall of Afric MIDRAND,-1141.6,Groceries,Discovery Credit Card
2023/03/03,OASIS VORNA VALLEY - N MIDRAND HOUSE,-185.0,Unknown,Discovery Credit Card
2023/03/01,DISCINSURE4000999536-272703267,-2105.94,Insurance,Discovery Credit Card
2023/03/01,DISCLIFE  5131036607-272405322,-1995.19,Investment,Discovery Credit Card
2023/03/01,Debit order repayment - DSY Card,15629.82,Unknown,Discovery Credit Card
2023/02/28,PnP Fam Midway Mews CLAREMONT,-71.98,Groceries,Discovery Credit Card
2023/02/28,CHARNON Halfway House,-505.0,Unknown,Discovery Credit Card
2023/02/28,CHICKEN LICKE MIDWAY MEWS GAUTENG,-406.0,Eating Out,Discovery Credit Card
2023/02/26,THE BARON KYALAMI* MIDRAND,-880.0,Unknown,Discovery Credit Card
2023/02/26,Checkers Sixty60,-1469.58,Groceries,Discovery Credit Card
2023/02/26,Checkers Sixty60 Tip,-10.0,Groceries,Discovery Credit Card
2023/02/26,PlaystationNetwork 53.00 ZAR,-53.0,Entertainment,Discovery Credit Card
2023/02/25,PlaystationNetwork 48.30 ZAR,-48.3,Entertainment,Discovery Credit Card
2023/02/25,Total Campbells C GP,-172.4,Unknown,Discovery Credit Card
2023/02/19,Checkers Sixty60,-2085.91,Groceries,Discovery Credit Card
2023/02/19,Checkers Sixty60 Tip,-10.0,Groceries,Discovery Credit Card
2023/02/14,SWAROVSKI MALL OF AFRI Johannesburg,-450.0,Unknown,Discovery Credit Card
2023/02/12,Checkers Sixty60,-1743.81,Groceries,Discovery Credit Card
2023/02/12,Checkers Sixty60 Tip,-10.0,Groceries,Discovery Credit Card
2023/02/11,UBER EATS JOHANNESBURG,-655.9,Eating Out,Discovery Credit Card
2023/02/07,Dischem Carlswald Pharm MIDRAND,-1236.03,Pharma,Discovery Credit Card
2023/02/07,Dynamic interest cashback at 2.00%,5.61,Unknown,Discovery Credit Card
2023/02/07,Monthly Account fee,-100.0,Bank Fees,Discovery Credit Card
2023/02/07,Vitality Money Premium,-40.0,Bank Fees,Discovery Credit Card
2023/02/07,Credit Service Fee,-69.0,Bank Fees,Discovery Credit Card
2023/02/07,Interest Charged at 21.00%-21.25%,-59.03,Interest,Discovery Credit Card
2023/02/04,Checkers Mall of Afric MIDRAND,-2576.69,Groceries,Discovery Credit Card
2023/02/01,DISCLIFE  5131036607-270840751,-1995.19,Investment,Discovery Credit Card
2023/02/01,DISCINSURE4000999536-271042538,-2105.94,Insurance,Discovery Credit Card
2023/02/01,Debit order repayment - DSY Card,17846.31,Unknown,Discovery Credit Card
2023/01/20,iK *Playground JOHANNESBURG,-1897.0,Unknown,Discovery Credit Card
2023/01/20,SUPERSPAR VORNA VALLEY Midrand,-16.98,Groceries,Discovery Credit Card
2023/01/10,MCD Waterfall (0677) MidRand,-155.5,Eating Out,Discovery Credit Card
2023/01/10,OASIS WATER SUNNINGHIL Sunninghill,-50.0,Unknown,Discovery Credit Card
2023/01/10,DR VINOLA NAIDOO INC PRETORIA,-1250.0,Healthcare,Discovery Credit Card
2023/01/10,Istanbul00000000339941 SANDTON,-90.0,Unknown,Discovery Credit Card
2023/01/10,Istanbul00000000339941 SANDTON,-672.0,Unknown,Discovery Credit Card
2023/01/08,SuperSpar Vorna Valley Western Cape,-927.24,Groceries,Discovery Credit Card
2023/01/07,KRISPY KREME - MALL OFFRI MIDRAND,-198.7,Eating Out,Discovery Credit Card
2023/01/07,CASA DAS NATAS MALL OF JOHANNESBURG,-99.0,Eating Out,Discovery Credit Card
2023/01/07,PnP Crp Mall of Africa MIDRAND,-670.87,Unknown,Discovery Credit Card
2023/01/07,Dischem Mall of Africa MIDRAND,-2198.79,Pharma,Discovery Credit Card
2023/01/07,Dynamic interest cashback at 2.00%,6.74,Unknown,Discovery Credit Card
2023/01/07,Monthly Account fee,-100.0,Bank Fees,Discovery Credit Card
2023/01/07,Vitality Money Premium,-40.0,Bank Fees,Discovery Credit Card
2023/01/07,Credit Service Fee,-69.0,Bank Fees,Discovery Credit Card
2023/01/07,Interest Charged at 21.00%,-70.77,Interest,Discovery Credit Card
2023/01/06,Nanaga Farm Stall ALEXANDRIA,-201.0,Unknown,Discovery Credit Card
2023/01/06,HEYLO PORT ELIZABET,-262.5,Unknown,Discovery Credit Card
2023/01/06,ENGEN KROONVAAL 1 STOP Kroonstad,-47.9,Unknown,Discovery Credit Card
2023/01/06,ENGEN KROONVAAL 1 STOP Kroonstad,-92.8,Unknown,Discovery Credit Card
2023/01/06,ENGEN KROONVAAL Kroonstad,-1438.85,Unknown,Discovery Credit Card
2023/01/06,HVD DIENSSTASIE Gariepdam,-1623.35,Unknown,Discovery Credit Card
2023/01/03,DISCLIFE  5131036607-269194292,-1995.19,Investment,Discovery Credit Card
2023/01/03,DISCINSURE4000999536-269387777,-2105.94,Insurance,Discovery Credit Card
2023/01/02,Debit order repayment - DSY Card,16637.58,Unknown,Discovery Credit Card
2022/12/17,THE CRAZY STORE XMIDRA MIDRAND,-325.81,Kids,Discovery Credit Card
2022/12/17,PlaystationNetwork 359.00 ZAR,-359.0,Entertainment,Discovery Credit Card
2022/12/17,PlaystationNetwork 1059.00 ZAR,-1059.0,Entertainment,Discovery Credit Card
2022/12/17,ENGEN BBQ DOWNS Kyalami Estat,-1995.85,Fuel,Discovery Credit Card
2022/12/16,Mall of Africa MIDRAND,-10.0,Unknown,Discovery Credit Card
2022/12/16,KRISPY KREME - MALL OFFRI MIDRAND,-153.6,Eating Out,Discovery Credit Card
2022/12/16,SuperSpar Vorna Valley Western Cape,-124.96,Groceries,Discovery Credit Card
2022/12/15,GOLDEN ROSE Johannesburg,-563.9,Eating Out,Discovery Credit Card
2022/12/12,TOYS R US MALL OF AFRI JOHANNESBURG,-2564.0,Kids,Discovery Credit Card
2022/12/11,SuperSpar Vorna Valley Western Cape,-1477.33,Groceries,Discovery Credit Card
2022/12/11,SuperSpar Vorna Valley Western Cape,-80.97,Groceries,Discovery Credit Card
2022/12/10,SANDTON CITY PARKING SANDTON,-10.0,Transport,Discovery Credit Card
2022/12/10,GOLDEN ROSE Johannesburg,-415.9,Eating Out,Discovery Credit Card
2022/12/09,MOCHACHOS MALL OF AFRIC JOHANNESBURG,-224.6,Eating Out,Discovery Credit Card
2022/12/09,CASA DAS NATAS MALL OF JOHANNESBURG,-99.0,Eating Out,Discovery Credit Card
2022/12/08,SuperSpar Vorna Valley Western Cape,-204.07,Groceries,Discovery Credit Card
2022/12/07,WOOLWORTHS SANDTON,-601.26,Groceries,Discovery Credit Card
2022/12/07,Dynamic interest cashback at 2.00%,1.35,Unknown,Discovery Credit Card
2022/12/07,Monthly Account fee,-95.0,Bank Fees,Discovery Credit Card
2022/12/07,Vitality Money Premium,-40.0,Bank Fees,Discovery Credit Card
2022/12/07,Credit Service Fee,-60.0,Bank Fees,Discovery Credit Card
2022/12/07,Interest Charged at 21.00%,-14.16,Interest,Discovery Credit Card
2022/12/07,Interest Earned at 3.00%,0.01,Interest,Discovery Credit Card
2022/12/05,CHICKEN LICKE MIDWAY MEWS GAUTENG,-331.0,Eating Out,Discovery Credit Card
2022/12/04,PayGate*Q4YOU ONLINE P,-954.4,Transport,Discovery Credit Card
2022/12/02,WOOLWORTHS MELROSE ARC SANDTON,-143.17,Groceries,Discovery Credit Card
2022/12/01,DISCLIFE  5131036607-267393863,-1995.19,Investment,Discovery Credit Card
2022/12/01,DISCINSURE4000999536-267682353,-2105.94,Insurance,Discovery Credit Card
2022/12/01,GOLDEN ROSE Johannesburg,-76.9,Eating Out,Discovery Credit Card
2022/11/30,KUNG FU KITCHEN MIDRAND JOHANNESBURG,-340.0,Eating Out,Discovery Credit Card
2022/11/28,MRP E-COMMERCE,-1050.0,Clothing,Discovery Credit Card
2022/11/26,SUPERSPAR SUNNINGHILL SUNNINGHILL,-1490.97,Groceries,Discovery Credit Card
2022/11/26,WOOLWORTHS SUNNINGHILL JOHANNESBURG,-473.32,Groceries,Discovery Credit Card
2022/11/26,PIZZA DEL FORNO SUNNING JOHANNESBURG,-410.0,Eating Out,Discovery Credit Card
2022/11/26,PIZZA DEL FORNO SUNNING JOHANNESBURG,-31.0,Eating Out,Discovery Credit Card
2022/11/26,SHELL SUNNINGHILL Johannesburg,-613.6,Fuel,Discovery Credit Card
2022/11/25,MELROSE ARCH FLOWER MA MELROSE ARCH,-335.0,Unknown,Discovery Credit Card
2022/11/24,Dischem Sunninghill SANDTON,-2029.58,Pharma,Discovery Credit Card
2022/11/24,FLM CHILLI ON TOP SANDTON,-91.52,Groceries,Discovery Credit Card
2022/11/24,PlaystationNetwork 142.00 ZAR,-142.0,Entertainment,Discovery Credit Card
2022/11/24,JMPD WEMMER TRAFFIC JOHANNESBURG,-870.0,Unknown,Discovery Credit Card
2022/11/24,MCD Chilli on Top (380  F GAUTENG,-147.4,Eating Out,Discovery Credit Card
2023/12/30,,-5.95,Unknown,Standard Bank
2024/01/31,,-7.14,Unknown,Standard Bank
2024/01/31,,0.19,Unknown,Standard Bank
2024/02/29,,-6.95,Unknown,Standard Bank
2024/03/19,DISC MEMB 0004155849-252978454,3750.0,Medical,Standard Bank
2024/03/30,,-6.95,Unknown,Standard Bank
2024/04/26,DISC MEMB 0004155849-254738853,2108.8,Medical,Standard Bank
2024/04/30,,-6.95,Unknown,Standard Bank
2024/05/09,DISC MEMB 0004155849-255045458,778.4,Medical,Standard Bank
2024/05/18,EuropcarKQ 548435569 223625,1566.25,Unknown,Standard Bank
2024/05/28,DISC MEMB 0004155849-256089748,778.4,Medical,Standard Bank
2024/05/31,,-6.95,Unknown,Standard Bank
2024/06/06,DISC MEMB 0004155849-256348929,750.0,Medical,Standard Bank
2024/06/07,DISC MEMB 0004155849-256364307,2250.0,Medical,Standard Bank
2024/05/01,Kyalami Kids,4000.0,School Fees,Cash Transactions
2024/05/01,Grace,1500.0,Grace,Cash Transactions
2024/05/02,Vailet,4300.0,Vailet,Cash Transactions
2024/05/21,Clicks,53.9,Pharma,Cash Transactions
2024/05/24,Woolworths,289.98,Groceries,Cash Transactions
2024/05/25,aCoin,100.0,Cash Deposit,Cash Transactions
2024/05/25,China Mall - Wig,900.0,Other,Cash Transactions
2024/05/25,McDonalds,150.0,Eating Out,Cash Transactions
2024/05/25,Pick n Pay,2800.0,Groceries,Cash Transactions
2024/05/25,Airport Parking,60.0,Other,Cash Transactions
2024/05/26,Streatery,400.0,Eating Out,Cash Transactions
2024/05/26,BP Midrand,150.0,Fuel,Cash Transactions
2024/06/03,Vailet,4200.0,Vailet,Cash Transactions
2024/06/03,Grace,1800.0,Grace,Cash Transactions
2024/06/04,Kyalami Kids,4000.0,School Fees,Cash Transactions
2024/06/05,Little Kickers,1320.0,Extra Murals,Cash Transactions
